AC_Number,Constituency_Name,District,Type,Predicted_Winner_baseline,Predicted_Winner_Prob_baseline,P_All India Trinamool Congress_baseline,P_All India Trinamool Congress_calibrated,P_Bharatiya Janta Party_baseline,P_Bharatiya Janta Party_calibrated,P_OTHER_baseline,P_OTHER_calibrated,Candidate_AITC,Candidate_BJP,Candidate_INC,Candidate_LF,Candidate_Placeholder,Candidate_Present
12,Alipurduars,Jalpaiguri,GEN,Bharatiya Janta Party,0.9793282,0.017617881,0.0008228392001518,0.9793282,0.9980752907699024,0.0030539294,0.0011018700299458,,,,,0,0
102,Amdanga,North Twenty Four Parganas,GEN,All India Trinamool Congress,0.9883273,0.9883273,0.7716991706351884,0.0104704825,0.2202432771497196,0.0012022321,0.008057552215092,Peerzada Kasem Siddiqui,???? ?????? ?? (Shri Arindam Dey),Gopal Ghosh,,0,0
181,Amta,Haora,GEN,All India Trinamool Congress,0.98946,0.98946,0.7975973292300469,0.008750321,0.1900194942067367,0.0017896951,0.0123831765632164,Sukanta Paul,???? ???? ????? (Shri Amit Samanta),Tapan Das,JOSHIMUDDIN MALLICK,0,0
200,Arambag,Hugli,SC,Bharatiya Janta Party,0.94009584,0.059456214,0.0028894914624951,0.94009584,0.9969423332598806,0.00044794832,0.0001681752776242,,,,,0,0
280,Asnsol Dakshin,Barddhaman,GEN,Bharatiya Janta Party,0.962441,0.03549887,0.001686183232148,0.962441,0.9975578616795578,0.002060135,0.0007559550882939,,,,,0,0
281,Asansol Uttar,Barddhaman,GEN,All India Trinamool Congress,0.9148675,0.9148675,0.288898318352135,0.08286925,0.7049672566412858,0.002263182,0.0061344250065791,Moloy Ghatak,???? ????????? ??????? (Shri Krishnendu Mukherjee),Prasenjit Puitandi,AKHILESH KUMAR SINGH,0,0
101,Ashoknagar,North Twenty Four Parganas,GEN,All India Trinamool Congress,0.98741865,0.98741865,0.7536860831559237,0.011696936,0.240519342310349,0.00088443275,0.0057945745337273,Narayan Goswami,??. ????? ???? (Dr. Somoy Hira),,,0,0
273,Ausgram,Barddhaman,SC,All India Trinamool Congress,0.94752645,0.94752645,0.4034226908825832,0.051797155,0.594105550534622,0.0006763469,0.0024717585827946,,,,,0,0
99,Baduria,North Twenty Four Parganas,GEN,All India Trinamool Congress,0.9961825,0.9961825,0.909851560413996,0.0035920003,0.0883805548969341,0.00022550425,0.0017678846890698,Burhanul Mokaddin (Liton),???? ?????? ????? (Shri Sukriti ?????),,,0,0
94,Bagda,North Twenty Four Parganas,SC,Bharatiya Janta Party,0.9977919,0.0017024197,7.817017053548969e-05,0.9977919,0.9997424654624952,0.00050565193,0.000179364366969,,,,,0,0
240,Baghmundi,Puruliya,GEN,All India Trinamool Congress,0.977114,0.977114,0.615987154060889,0.022483226,0.381833272090631,0.000402789,0.0021795738484799,Sushanta Mahato,???? ?????? ???? (Shri Rahidas Mahato),Nepal Chandra Mahato,PARIMAL KUMAR,0,0
180,Bagnan,Haora,GEN,All India Trinamool Congress,0.9993605,0.9993605,0.9853548987451024,0.00051015255,0.0135506237167653,0.00012932092,0.0010944775381323,Arunava Sen,???? ??????????? ???? (Shri Premangshu Rana),Sk. Hafizur Rahaman,,0,0
72,Baharampur,Murshidabad,GEN,Bharatiya Janta Party,0.97233945,0.024263369,0.0011408455611447,0.97233945,0.997625181481956,0.0033971898,0.0012339729568991,Naru Gopal Mukherjee,???? ?????? ?????? (Shri Subrata Maitra),Adhir Ranjan Chowdhury,,0,0
54,Baisnabnagar,Maldah,GEN,All India Trinamool Congress,0.9580714,0.9580714,0.4690860317635221,0.039467104,0.5205693673422165,0.002461453,0.0103446008942613,Chandana Sarkar,???? ???? ??????? (Shri Raju Karmakar),Smt. Mamuni Mandal,DUNDHUBI SAHA,0,0
191,Balagarh,Hugli,SC,All India Trinamool Congress,0.9180087,0.9180087,0.2981147161455228,0.07940747,0.6946830475686334,0.0025838255,0.0072022362858438,,,,,0,0
239,Balarampur,Puruliya,GEN,Bharatiya Janta Party,0.95061654,0.04838078,0.002326056419148,0.95061654,0.9973015351498502,0.0010026793,0.0003724084310018,Shantiram Mahato,???? ???? ???? (Shri Jaladhar Mahto),Sukanta Mahato,NAMITA MAHATO,0,0
169,Bally,Haora,GEN,All India Trinamool Congress,0.9882345,0.9882345,0.8387006282074816,0.004852309,0.1109389701450322,0.006913129,0.0503604016474861,Kailash Mishra,???? ???? ???? (Shri Sanjay Singh),Smt. Priyanka Choudhury,SANKAR MOITRA,0,0
161,Ballygunge,Kolkata,GEN,All India Trinamool Congress,0.99918836,0.99918836,0.9828973701253774,0.00056763616,0.0150424848931901,0.00024398853,0.0020601449814323,Sovandeb Chattopadhyay,??. ?????? (Dr. Shatrupa),Rohan Mitra,AFRIN BEGAM (SILPI),0,0
39,Balurghat,Dakshin Dinajpur,GEN,All India Trinamool Congress,0.9681054,0.9681054,0.6022839271574237,0.01991274,0.3337324047167591,0.011981824,0.0639836681258172,Arpita Ghosh,???? ??????? ??? (Shri Bidyut Roy),Pradip Kumar Mitra,ARNAB CHOUDHURY,0,0
238,Bandwan,Puruliya,ST,All India Trinamool Congress,0.98161775,0.98161775,0.6854438111797488,0.01594519,0.2999493180660624,0.002437026,0.0146068707541888,,,,,0,0
96,Bangaon Dakshin,North Twenty Four Parganas,SC,Bharatiya Janta Party,0.9805043,0.019121211,0.000892782194974,0.9805043,0.998972128780702,0.00037452418,0.000135089024324,,,,,0,0
95,Bangaon Uttar,North Twenty Four Parganas,SC,Bharatiya Janta Party,0.9875693,0.012091778,0.0005607283053863,0.9875693,0.9993178338211284,0.000338986,0.0001214378734854,,,,,0,0
252,Bankura,Bankura,GEN,Bharatiya Janta Party,0.9736258,0.025585838,0.0012025047504059,0.9736258,0.9985112702262856,0.0007883342,0.0002862250233085,Dr. Anup Mondal,???? ???????? ???? ???? (Shri Niladri Shekhar Dana),Arup Banerjee,ABHAYANANDA MUKHERJEE,0,0
283,Barabani,Barddhaman,GEN,All India Trinamool Congress,0.9923038,0.9923038,0.8368526055468148,0.006940169,0.1576750901173989,0.0007559592,0.0054723043357862,Bidhan Upadhyay,???? ?????? ??? (Shri Arijit Roy),Joydev Roy,,0,0
113,Baranagar,North Twenty Four Parganas,GEN,All India Trinamool Congress,0.9989644,0.9989644,0.9835871863238108,0.00042387831,0.0112432733244256,0.0006116761,0.0051695403517634,Sayantika Banerjee,???? ??? ??? (Shri Sajal ???),Smt. Kalyani Chakraborty,SAYANDIP MITRA,0,0
119,Barasat,North Twenty Four Parganas,GEN,All India Trinamool Congress,0.9958568,0.9958568,0.9278550801781182,0.0022809708,0.0572521375508048,0.0018621944,0.0148927822710769,Sabyasachi Dutta,???? ???? ?????? (Shri Sankar Chatterjee),Tarak Mukherjee,HEMANTA DAS,0,0
260,Burdwan Dakshin,Barddhaman,GEN,All India Trinamool Congress,0.9405242,0.9405242,0.3752978334520065,0.057476725,0.6178553628278801,0.0019990066,0.0068468037201133,,,,,0,0
266,Burdwan Uttar,Barddhaman,SC,All India Trinamool Congress,0.985973,0.985973,0.7496184600179256,0.011381911,0.2331197987710327,0.0026450981,0.0172617412110416,,,,,0,0
253,Barjora,Bankura,GEN,All India Trinamool Congress,0.94686615,0.94686615,0.4007025481970336,0.052303184,0.5962801672160536,0.0008306445,0.0030172845869128,Goutam Mishra (Shyam),???? ???????? ????? (Shri Billeshwar Singha),Vivekananda Keora,SUJIT CHAKRABORTY,0,0
108,Barrackpur,North Twenty Four Parganas,GEN,All India Trinamool Congress,0.9919171,0.9919171,0.904435852773315,0.0019300492,0.0474088582432301,0.0061528175,0.0481552889834549,,,,,0,0
140,Baruipur Paschim,South  Twenty Four Parganas,GEN,All India Trinamool Congress,0.9995154,0.9995154,0.9894839795081786,0.00035212343,0.0093908072032578,0.0001324183,0.0011252132885635,Biman Banerjee,???? ???????? ??? (Shri Biswajit Paul),Asitlal Nag,LAHEK ALI,0,0
137,Baruipur Purba,South  Twenty Four Parganas,SC,All India Trinamool Congress,0.99564904,0.99564904,0.9161853340218952,0.0029275196,0.0725714150152481,0.0014234666,0.0112432509628568,,,,,0,0
128,Basanti,South  Twenty Four Parganas,SC,All India Trinamool Congress,0.9992805,0.9992805,0.9826312063817064,0.00062582444,0.0165784675184823,9.363444e-05,0.0007903260998112,,,,,0,0
124,Basirhat Dakshin,North Twenty Four Parganas,GEN,All India Trinamool Congress,0.99461836,0.99461836,0.9142257515859764,0.0025671953,0.0635688874985413,0.0028144484,0.0222053609154823,Surajit Mitra (Badal),??. ???? (?????) ?????? (Dr. Suraj (Shourya) Banerjee),Abu Ishak Gazi (Babu),AINUL AREFIN (RAJU AHAMED),0,0
125,Basirhat Uttar,North Twenty Four Parganas,GEN,All India Trinamool Congress,0.982143,0.982143,0.8328646363039798,0.0023869942,0.0545305381804385,0.0154699795,0.1126048255155816,Md Tauseef Rehman,???? ????? ????????? (Shri Kaushik Sidharth),Musa Haque Mondal,,0,0
154,Behala Paschim,South  Twenty Four Parganas,GEN,All India Trinamool Congress,0.99770194,0.99770194,0.9574257475175282,0.0013423286,0.0347017880547091,0.000955738,0.0078724644277626,Ratna Chatterjee,??. ???????? ??? (Dr. Indranil Khan),Saibal Roy,NIHAR BHAKTA,0,0
153,Behala Purba,South  Twenty Four Parganas,GEN,All India Trinamool Congress,0.9957157,0.9957157,0.9120801645106894,0.0032255326,0.0795953717194069,0.0010587442,0.0083244637699036,Subhasish Chakraborty,???? ???? ?????? (Shri Shankar Sikdar),Abhijit Raha,DR. NILOY MAJUMDER,0,0
71,Beldanga,Murshidabad,GEN,All India Trinamool Congress,0.9989808,0.9989808,0.9749837241176854,0.00091982906,0.0241844421500207,9.929531e-05,0.0008318337322937,Rabiul Alam Chowdhury,???? ??? ????? ??? (Shri Bharat Kumar Jhawar),,RAJESH GHOSH,0,0
164,Beleghata,Kolkata,GEN,All India Trinamool Congress,0.9990633,0.9990633,0.9800798431842918,0.0006682014,0.0176589369729522,0.00026853863,0.0022612198427559,Kunal Ghosh,??. ????? ????? (Dr. Partha Choudhary),Smt. Shahina Javed,PARAMITA ROY,0,0
159,Bhabanipur,Kolkata,GEN,All India Trinamool Congress,0.9987954,0.9987954,0.976046737332032,0.00077205984,0.0203251503400332,0.00043253283,0.0036281123279347,Mamata Banerjee,???? ??????? ??????? (Shri Suvendu Adhikari),Pradip Prasad,ADV. SRIJEEB BISWAS,0,0
62,Bhagabangola,Murshidabad,GEN,All India Trinamool Congress,0.98685026,0.98685026,0.7490516988082614,0.011862345,0.2425603484296412,0.0012874426,0.0083879527620973,,,,,0,0
214,Bhagabanpur,Purba Medinipur,GEN,All India Trinamool Congress,0.7967374,0.7967374,0.1286911338205569,0.19882599,0.8651577457306856,0.0044366303,0.0061511204487574,Manab Kumar Porua,???? ?????? ????????? (Shri Santanu Pramanik),Biswajit Panigrahi,,0,0
148,Bhangar,South  Twenty Four Parganas,GEN,OTHER,0.74582964,0.19031295,0.0274856361025359,0.06385743,0.2236042841498183,0.74582964,0.7489100797476458,Saokat Molla,???? ????? ???? (Shri Jayanta Gayen),Mahabubul Islam,,0,0
69,Bharatpur,Murshidabad,GEN,All India Trinamool Congress,0.98969907,0.98969907,0.7941019493347206,0.009162949,0.1980601451122618,0.0011380448,0.0078379055530175,Mustafizur Rahaman (Sumon),??????? ??????? ??? (Smt. Anamika Ghosh),Azharudddin Sizar,,0,0
267,Bhatar,Barddhaman,GEN,All India Trinamool Congress,0.99965966,0.99965966,0.9914971764943896,0.00030788744,0.0082265929863591,3.244627e-05,0.0002762305192513,Shantanu Koner,???? ????? ???? (Shri Soumen Karfa),Dhurjati Bijoy Maji,HASINA KHATOON,0,0
105,Bhatpara,North Twenty Four Parganas,GEN,Bharatiya Janta Party,0.83271694,0.15758769,0.0085630753270886,0.83271694,0.9873670205460938,0.00969542,0.0040699041268173,Amit Gupta,???? ??? ????? ???? (Shri Pawan Kumar Singh),Dharmendra Shaw,,0,0
116,Bidhannagar,North Twenty Four Parganas,GEN,All India Trinamool Congress,0.97481155,0.97481155,0.6537539159807247,0.0163479,0.2953550039527551,0.008840574,0.05089108006652,Sujit Bose,??. ?????? ??????????? (Dr. Sharadwat Mukhopadhyay),Ranajit Mukherjee,ADV. SOUMYAJIT RAHA,0,0
103,Bijpur,North Twenty Four Parganas,GEN,All India Trinamool Congress,0.9294251,0.9294251,0.3926098347935475,0.04533098,0.5158585217094567,0.025243927,0.0915316434969959,Subodh Adhikary,???? ???????? ??? (Shri Sudipta Das),Sibabrata Guha Roy,DEBASISH RAKSHIT,0,0
237,Binpur,Paschim Medinipur,ST,All India Trinamool Congress,0.9987343,0.9987343,0.9698224599127722,0.0011011807,0.0288064398032906,0.00016449753,0.0013711002839372,,,,,0,0
146,Bishnupur (SC),South  Twenty Four Parganas,SC,All India Trinamool Congress,0.99772114,0.99772114,0.9621469819433588,0.0010727795,0.027869645024657,0.0012060838,0.0099833730319841,Dilip Mondal,???? ?????? ????? (Shri Abhijit Sardar),Arghya Naskar,SHYAMAL DAL,0,0
255,Bishnupur,Bankura,SC,Bharatiya Janta Party,0.9573606,0.041307304,0.0019724509294356,0.9573606,0.9975361645892912,0.0013320852,0.000491384481273,Tanmoy Ghosh,??????? ?????? ?????? (Smt. Shukla Chatterjee),Ujjal Chandra,,0,0
286,Bolpur,Birbhum,GEN,All India Trinamool Congress,0.99512047,0.99512047,0.8956075725139764,0.0040373183,0.0978867277975184,0.0008421401,0.0065056996885051,Chandranath Sinha,???? ????? ????? ??? (Shri Dilip Kumar Ghosh),Rathin Sen,,0,0
156,Budge Budge,South  Twenty Four Parganas,GEN,All India Trinamool Congress,0.9997867,0.9997867,0.994957433305641,0.00017625591,0.0047253018650487,3.714131e-05,0.0003172648293102,Ashok Kumar Deb,??. ???? ????? ???? (Dr. Tarun Kumar Adak),Mujibar Rahaman Kayal,,0,0
67,Burwan,Murshidabad,SC,All India Trinamool Congress,0.9378258,0.9378258,0.3918002473933337,0.050236247,0.5653904133571148,0.0119379135,0.0428093392495514,,,,,0,0
138,Canning Paschim,South  Twenty Four Parganas,SC,All India Trinamool Congress,0.9971233,0.9971233,0.9336701120429064,0.002513963,0.063415029271204,0.00036266475,0.0029148586858896,,,,,0,0
139,Canning Purba,South  Twenty Four Parganas,GEN,All India Trinamool Congress,0.9769082,0.9769082,0.7536194030524803,0.006601158,0.1371851706700664,0.01649068,0.1091954262774531,Md. Baharul Islam,???? ???? ???? (Shri Ashim Sapui),Sabir Ali Sardar,,0,0
91,Chakdaha,Nadia,GEN,Bharatiya Janta Party,0.92923975,0.06938457,0.0034084038513291,0.92923975,0.9960695595320674,0.0013756335,0.0005220366166034,Subhankar Singha (Jishu),???? ????? ????? ??? (Shri Bankim Chandra Ghosh),Malay Saha,NARAYAN DASGUPTA,0,0
31,Chakulia,Uttar Dinajpur,GEN,All India Trinamool Congress,0.98541915,0.98541915,0.7711281922137481,0.00911521,0.1921591130378316,0.0054656663,0.0367126947484204,Minhajul Arfin Azad,???? ???? ??? (Shri Manoj Jain),Ali Imran Ramz (Victor),AMJAD ALI,0,0
187,Champdani,Hugli,GEN,All India Trinamool Congress,0.993526,0.993526,0.8641771417481032,0.005479589,0.128398587647083,0.0009944036,0.0074242706048138,Arindam Guin,???? ????? ???? (Shri Dilip Singh),Pritam Ghosh,ADV. CHANDRANATH BANERJEE,0,0
45,Chanchal,Maldah,GEN,All India Trinamool Congress,0.99065053,0.99065053,0.8040685265978613,0.008778954,0.1919570574032518,0.00057047047,0.0039744159988868,Prasun Banerjee,???? ??? ??? (Shri Ratan Das),Asif Mehbub,ANAWARUL HAQUE,0,0
189,Chandannagar,Hugli,GEN,All India Trinamool Congress,0.9983719,0.9983719,0.9666326142098216,0.00111613,0.0291120373899917,0.0005120336,0.0042553484001864,Indranil Sen,???? ??????? ????? ???? (Shri Deepanjan Kumar Guha),Ratan Kumar Goldar,MANISH PANDA,0,0
211,Chandipur,Purba Medinipur,GEN,All India Trinamool Congress,0.96803033,0.96803033,0.5370678519438573,0.030507464,0.4559686914262124,0.0014622348,0.0069634566299302,Uttam Barik,??? ????? ????? ??? (Dr. Piyush Kanti Das),SK Taslim Ahmed,RITA DAS,0,0
194,Chanditala,Hugli,GEN,All India Trinamool Congress,0.9989417,0.9989417,0.9776266033626708,0.0007505686,0.0197884593813685,0.00030771564,0.0025849372559605,Swati Khandoker,???? ??????? ??????? (Shri Debasish Mukherjee),Sk Abu Abbasuddin,SK. ASIF ALI,0,0
232,Chandrakona,Paschim Medinipur,SC,All India Trinamool Congress,0.6606054,0.6606054,0.0685253868702712,0.33049238,0.9235481674731016,0.008902286,0.0079264456566271,,,,,0,0
82,Chapra,Nadia,GEN,All India Trinamool Congress,0.9698636,0.9698636,0.5481150611888225,0.029467972,0.4486421238525391,0.00066848786,0.0032428149586383,Jeber Sekh,???? ???? ????? (Shri Saikat sarkar),Rahidul Mandal,,0,0
248,Chhatna,Bankura,GEN,Bharatiya Janta Party,0.9898093,0.009652744,0.0004466300657482,0.9898093,0.9993610967287232,0.00053791236,0.0001922732055284,Swapan Kumar Mandal,???? ?????????? ??????????? (Shri Satyanarayan Mukhopadhyay),Partha Pratim Bose,RAJIB KAR,0,0
28,Chopra,Uttar Dinajpur,GEN,All India Trinamool Congress,0.72440284,0.72440284,0.0896221408841144,0.27200252,0.9065605598688548,0.003594624,0.0038172992470307,Hamidul Rahaman,???? ???? ??????? (Shri Shankar Adhikari),Zakir Abedin,,0,0
162,Chowrangee,Kolkata,GEN,All India Trinamool Congress,0.99863523,0.99863523,0.9723485724747352,0.0009089339,0.0238416398261256,0.00045584596,0.0038097876991391,Nayna Bandopadhyay,???? ????? ???? (Shri Santosh Pathak),Manash Sarkar,SANJOY BASU,0,0
190,Chunchura,Hugli,GEN,All India Trinamool Congress,0.87149054,0.87149054,0.2139271886340362,0.114361815,0.7562633767985624,0.014147603,0.0298094345674013,Debangshu Bhattacharya,???? ????? ??? (Shri Subir Nag),Moinul Haque,SUNIL SAHA,0,0
4,Cooch Behar Dakshin,Koch Bihar,GEN,All India Trinamool Congress,0.5370764,0.5370764,0.0440286454895715,0.4188155,0.924933960304649,0.044108108,0.0310373942057793,,,,,0,0
3,Coochbehar Uttar,Koch Bihar,SC,Bharatiya Janta Party,0.9907212,0.0073228264,0.0003383787811318,0.9907212,0.9989634119076928,0.0019559204,0.0006982093111751,,,,,0,0
19,Dabgram-Fulbari,Jalpaiguri,GEN,Bharatiya Janta Party,0.9866463,0.0075609377,0.0003503373840837,0.9866463,0.9975761495665556,0.0057927645,0.0020735130493606,,,,,0,0
219,Dantan,Paschim Medinipur,GEN,All India Trinamool Congress,0.9212969,0.9212969,0.305267704424866,0.077421844,0.6910882126137063,0.0012812664,0.0036440829614277,Manik Maity,???? ???? ????? ??? (Shri Ajit Kumar Jana),Utpal Dutta,SHYAMAL KANTI DAS PATTANAYEK,0,0
23,Darjeeling,Darjiling,GEN,Bharatiya Janta Party,0.9934087,0.0033700615,0.0001552638711034,0.9934087,0.9986982416375614,0.0032212862,0.0011464944913352,*********,???? ???? ??? (Shri Noman Rai),Madhap Rai,,0,0
230,Daspur,Paschim Medinipur,GEN,All India Trinamool Congress,0.8121165,0.8121165,0.1410459788730453,0.18157597,0.8495510313915796,0.006307482,0.009402989735375,Asis Hudait,???? ??? ????? (Shri Tapan Dutta),Kousik Goswami,RANJIT PAL,0,0
229,Debra,Paschim Medinipur,GEN,All India Trinamool Congress,0.9622678,0.9622678,0.4907159806828435,0.03676218,0.5050382004675853,0.000969973,0.0042458188495711,Rajib Banerjee,???? ??????? ?? (Shri Shubhashish Om),Chittaranjan Jana,SUMIT ADHIKARY,0,0
120,Deganga,North Twenty Four Parganas,GEN,All India Trinamool Congress,0.9988016,0.9988016,0.9749185576477674,0.00083945127,0.0220736078107008,0.00035900233,0.0030078345415318,Anisur Rahaman (Bidesh),???? ???? ????? ??? (Shri Tarun Kanti Ghosh),Miaraj Baidya,,0,0
197,Dhanekhali,Hugli,SC,All India Trinamool Congress,0.971618,0.971618,0.574687987541608,0.025901861,0.4127207077071836,0.0024800852,0.0125913047512085,,,,,0,0
15,Dhupguri,Jalpaiguri,SC,Bharatiya Janta Party,0.9793052,0.008515527,0.0003965879346511,0.9793052,0.9952215475454724,0.01217926,0.0043818645198764,,,,,0,0
143,Diamond Harbour,South  Twenty Four Parganas,GEN,All India Trinamool Congress,0.9860043,0.9860043,0.7865774083412727,0.008030157,0.1725740215649235,0.005965497,0.0408485700938038,Pannalal Halder,???? ???? ????? ????? (Shri Dipak Kumar Halder),Goutam Bhattacharya,SAMARENDRA NATH NAIYA,0,0
7,Dinhata,Koch Bihar,GEN,Bharatiya Janta Party,0.99089605,0.005373454,0.0002481221135615,0.99089605,0.9984211590326206,0.0037304764,0.0013307188538177,Udayan Guha,???? ??? ??? (Shri Ajay Roy),Harihar Ray Singha,BIKASH MONDAL,0,0
184,Domjur,Haora,GEN,All India Trinamool Congress,0.9917173,0.9917173,0.8698547503905116,0.004210214,0.0994836577811971,0.0040725674,0.0306615918282911,Tapas Maity,???? ?????? ????? (Shri Gobinda Hazra),Aloke Koley,DULU DAS,0,0
75,Domkal,Murshidabad,GEN,All India Trinamool Congress,0.9901642,0.9901642,0.8037739182209794,0.008569647,0.187403779783626,0.0012661573,0.0088223019953945,Humayun Kabir (Ex IPS),???? ??? ????? ??? (Shri Nanda Dulal Pal),Smt. Sahnaz Begum,MOSTAFIJUR RAHAMAN,0,0
284,Dubrajpur,Birbhum,SC,Bharatiya Janta Party,0.91885465,0.08054028,0.0039999144979745,0.91885465,0.9957679247252996,0.00060511957,0.0002321607767256,,,,,0,0
114,Dum Dum,North Twenty Four Parganas,GEN,All India Trinamool Congress,0.9953733,0.9953733,0.9050485331252855,0.0035255153,0.0863569328830119,0.0011012068,0.0085945339917024,Bratya Basu,??. ?????? ????? (Adv. Arijit Bakshi),Smt. Susmita Biswas,MAYUKH BISWAS,0,0
110,Dum Dum Uttar,North Twenty Four Parganas,GEN,All India Trinamool Congress,0.9863794,0.9863794,0.7442935203739907,0.0120921675,0.2458063638656218,0.0015285247,0.0099001157603874,Chandrima Bhattacharya,???? ???? ?????? (Shri Saurav Sikdar),Dhananjoy Moitra,DIPSITA DHAR,0,0
277,Durgapur Paschim,Barddhaman,GEN,Bharatiya Janta Party,0.9106405,0.087870754,0.0044000462190606,0.9106405,0.9950240759959944,0.0014887006,0.000575877784945,Kavi Dutta,???? ??????? ????? ????? (Shri Lakshman Chandra Ghorui),Tarun Roy,PRAVAS SAIN,0,0
276,Durgapur Purba,Barddhaman,GEN,Bharatiya Janta Party,0.7398666,0.25637078,0.0156037900747054,0.7398666,0.9826271035242846,0.0037625502,0.0017691064010099,Pradip Mazumdar,???? ????? ???? ?????? (Shri Chandra Shekhar Banerjee),Debesh Chakraborty,SIMANTA CHATTERJEE,0,0
218,Egra,Purba Medinipur,GEN,All India Trinamool Congress,0.9834796,0.9834796,0.7085270600781101,0.014315753,0.2778395108954993,0.0022046845,0.0136334290263905,Tarun Maity,???? ????????? ??????? (Shri Dibendu Adhikari),Anjan Kumar Pattnayak,,0,0
51,Englishbazar,Maldah,GEN,Bharatiya Janta Party,0.9714065,0.025985142,0.0012232243703049,0.9714065,0.9978282106279192,0.0026084108,0.0009485650017757,,,,,0,0
163,Entally,Kolkata,GEN,All India Trinamool Congress,0.9993376,0.9993376,0.988055865889956,0.00034837704,0.0092791355994149,0.00031402204,0.0026649985106289,Sandipan Saha,??????? ???????? ???????? (Smt. Priyanka Tibrewal),Kashif Reza,,0,0
13,Falakata,Jalpaiguri,SC,Bharatiya Janta Party,0.98350185,0.014653044,0.0006818586421835,0.98350185,0.9986548586935567,0.0018451092,0.0006632826642596,,,,,0,0
144,Falta,South  Twenty Four Parganas,GEN,All India Trinamool Congress,0.9995315,0.9995315,0.9913029947983176,0.00025864205,0.006910314134513,0.00020988044,0.0017866910671693,Jahangir Khan,???? ???????? ????? (Shri Debangshu Panda),Abdur Rajjak Molla,,0,0
55,Farakka,Murshidabad,GEN,All India Trinamool Congress,0.9990275,0.9990275,0.9786733241179604,0.0007312391,0.0192978282466297,0.00024128013,0.0020288476354097,Amirul Islam,???? ????? ????? (Shri Sunil Chowdhury),,MOJAFFAR HOSSAIN,0,0
97,Gaighata,North Twenty Four Parganas,SC,Bharatiya Janta Party,0.9833234,0.016483027,0.0007675437143852,0.9833234,0.9991628223718948,0.00019357291,6.963391371982482e-05,,,,,0,0
274,Galsi,Barddhaman,SC,All India Trinamool Congress,0.9981528,0.9981528,0.9556975488909378,0.0016569821,0.0427395537448844,0.00019016888,0.0015628973641776,,,,,0,0
41,Gangarampur,Dakshin Dinajpur,SC,Bharatiya Janta Party,0.906603,0.07948472,0.0039802256408163,0.906603,0.9906378988421216,0.013912319,0.0053818755170618,,,,,0,0
233,Garbeta,Paschim Medinipur,GEN,All India Trinamool Congress,0.9872143,0.9872143,0.7468973765270867,0.012246383,0.2496008486949522,0.0005392264,0.0035017747779611,Uttara Singha (Hazra),???? ?????? ????? (Shri Pradeep Lodha),Siddhartha Bishoyee,,0,0
44,Gazole,Maldah,SC,Bharatiya Janta Party,0.92759037,0.06747077,0.0033160821288503,0.92759037,0.9948087244542834,0.0049388562,0.0018751934168662,,,,,0,0
231,Ghatal,Paschim Medinipur,SC,Bharatiya Janta Party,0.9691664,0.029372767,0.0013862406086932,0.9691664,0.998081138352371,0.0014608798,0.0005326210389358,,,,,0,0
30,Goalpokhar,Uttar Dinajpur,GEN,All India Trinamool Congress,0.9823685,0.9823685,0.7546201409795833,0.0091576325,0.1895072803186042,0.00847378,0.0558725787018124,Md. Ghulam Rabbani,???? ????? ??????? (Shri Sarjit Biswas),Masood Md Naseem Ahsen,JUBER ALAM,0,0
201,Goghat,Hugli,SC,Bharatiya Janta Party,0.9723307,0.027132796,0.0012769299052119,0.9723307,0.99852800393328,0.0005365366,0.0001950661615078,,,,,0,0
221,Gopiballavpur,Paschim Medinipur,GEN,All India Trinamool Congress,0.9874407,0.9874407,0.7510182578859168,0.011961217,0.2450775693361414,0.00059802865,0.0039041727779416,Ajit Mahata,???? ????? ???? (Shri Rajesh Mahto),Sourav Ghosh,BIKASH SARANGI,0,0
127,Gosaba,South  Twenty Four Parganas,SC,All India Trinamool Congress,0.99733233,0.99733233,0.9418133188854128,0.0021093327,0.053660997226843,0.00055833097,0.0045256838877442,,,,,0,0
43,Habibpur,Maldah,ST,Bharatiya Janta Party,0.96778363,0.028919889,0.0013659273172887,0.96778363,0.9974312784986038,0.0032964787,0.0012027941841073,,,,,0,0
100,Habra,North Twenty Four Parganas,GEN,All India Trinamool Congress,0.98659337,0.98659337,0.7436091408571783,0.01226273,0.2489902933180714,0.0011439073,0.0074005658247503,Jyotipriya Mallick (Balu),???? ?????? ???? (Shri Debdas Mandal),,RIJI NANDAN BISWAS,0,0
209,Haldia,Purba Medinipur,SC,All India Trinamool Congress,0.6240982,0.6240982,0.0582913579898981,0.37349626,0.939780055600338,0.0024055827,0.0019285864097637,,,,,0,0
292,Hansan,Birbhum,GEN,All India Trinamool Congress,0.9997719,0.9997719,0.9944089000897874,0.00019956543,0.0053473438613812,2.855116e-05,0.0002437560488312,Fayezul Haque (Kajal Sk),???? ????? ?????? (Shri Nikhil Banerjee),Milton Rashid,KAMAL HASAN,0,0
121,Haroa,North Twenty Four Parganas,GEN,All India Trinamool Congress,0.9966157,0.9966157,0.937308732874561,0.0020488403,0.0519100886420125,0.0013354995,0.0107811784834264,Md. Mufti Abdul Matin,???? ?????? ???? (Shri Bhaskar Mondal),Md Rabiul Molla,,0,0
73,Hariharpara,Murshidabad,GEN,All India Trinamool Congress,0.9629862,0.9629862,0.498488181552835,0.035471834,0.4946604289052565,0.0015419713,0.0068513895419084,Niamot Seikh,???? ????? ??????? (Shri Tanmoy Biswas),Smt. Mousumi Begum,,0,0
93,Haringhata,Nadia,SC,Bharatiya Janta Party,0.9745668,0.024926296,0.0011705332831876,0.9745668,0.9986455566481588,0.000506955,0.0001839100686534,,,,,0,0
196,Haripal,Hugli,GEN,All India Trinamool Congress,0.98785305,0.98785305,0.7679630128195732,0.010580352,0.2215831841371315,0.0015666024,0.0104538030432952,Dr. Karabi Manna,??????? ??????? ??? (Smt. Madhumita Ghosh),Saif Azad,,0,0
42,Harirampur,Dakshin Dinajpur,GEN,All India Trinamool Congress,0.9852026,0.9852026,0.7559281930624379,0.010409991,0.2151761196429269,0.0043874327,0.0288956872946352,Biplab Mitra,???? ??????? ??????? (Shri Debabrata Majumder),Subhasish Pal (Sona),GAUTAM GOSWAMI,0,0
46,Harischandrapur,Maldah,GEN,All India Trinamool Congress,0.9977585,0.9977585,0.9465830531019755,0.0020192743,0.0516080358033632,0.00022213468,0.0018089110946611,,,,,0,0
33,Hemtabad,Uttar Dinajpur,SC,All India Trinamool Congress,0.9189665,0.9189665,0.3057448804421981,0.075787224,0.6792728195650984,0.0052462793,0.0149822999927033,,,,,0,0
126,Hingalganj,North Twenty Four Parganas,SC,All India Trinamool Congress,0.9834811,0.9834811,0.6969503550454349,0.015572614,0.2972939476170002,0.0009462253,0.0057556973375649,,,,,0,0
173,Howrah Dakshin,Haora,GEN,All India Trinamool Congress,0.9985536,0.9985536,0.9676416445028844,0.0011427922,0.0298331533328372,0.00030358857,0.0025252021642783,Nandita Choudhary,???? ?????? ???? (Shri Shyamal Hati),Smt. Deepsikha Bhowmick,DR. ABHIJIT BANDYOPADHYAY,0,0
171,Howrah Madhya,Haora,GEN,All India Trinamool Congress,0.9974833,0.9974833,0.9465939643906568,0.0018890521,0.0482937308258843,0.00062761176,0.0051123047834588,Arup Roy,???? ?????? ???? (Shri Biplab Mandal),Smt. Aparna Bose,ADV. IMTEAZ AHMED,0,0
170,Howrah Uttar,Haora,GEN,All India Trinamool Congress,0.982622,0.982622,0.8048891364705092,0.0048501804,0.1070277014000885,0.012527827,0.0880831621294022,Goutam Chowdhury,???? ???? ??? (Shri Umesh Rai),Om Prakash Jaiswal,PROF. GAUTAM ROY,0,0
257,Indus,Bankura,SC,Bharatiya Janta Party,0.98070407,0.01878683,0.0008769623295665,0.98070407,0.9989394234968926,0.0005091769,0.0001836141735408,,,,,0,0
29,Islampur,Uttar Dinajpur,GEN,All India Trinamool Congress,0.9851291,0.9851291,0.7497158419561799,0.01096263,0.2247537879385852,0.003908283,0.0255303701052348,Kanaia Lal Aggarwal,???? ???????? ??? (Shri Chitrajit Roy),,,0,0
36,Itahar,Uttar Dinajpur,GEN,All India Trinamool Congress,0.99507695,0.99507695,0.8955322463900958,0.0040217144,0.0975044668655766,0.00090140954,0.0069632867443276,Mosaraf Hussain,??????? ????? ????? (Smt. Sabita Barman),Amal Acharya,SUDIPTA DAS,0,0
150,Jadavpur,South  Twenty Four Parganas,GEN,All India Trinamool Congress,0.99766004,0.99766004,0.9550382854676968,0.0014645414,0.0377683994765064,0.0008754338,0.0071933150557968,Debabrata Majumdar,??????? ?????? ??????? (Smt. Sarbori Mukherjee),Smt. Shyamali Mandal,BIKASH RANJAN BHATTACHARYA,0,0
183,Jagatballavpur,Haora,GEN,All India Trinamool Congress,0.99673367,0.99673367,0.9422269814920156,0.0018020195,0.0458906931235173,0.0014643924,0.0118823253844669,Subir Chatterjee,???? ????? ??? (Shri Anupam Ghosh),Koushik Roy,,0,0
106,Jagatdal,North Twenty Four Parganas,GEN,All India Trinamool Congress,0.9975089,0.9975089,0.9643085101933552,0.00084648555,0.0220448674935823,0.0016445928,0.0136466223130625,Somenath Shyam Ichini,"??. ????? ?????, ?????? (Dr. Rajesh Kumar, IPS)",Smt. Mandira Chakraborty,PARVEJ AHMAD KHAN,0,0
76,Jalangi,Murshidabad,GEN,All India Trinamool Congress,0.994756,0.994756,0.8805025001199278,0.0049025556,0.1169028980239683,0.00034149876,0.0025946018561037,Babar Ali,???? ??? ????? ????? (Shri Naba Kumar Sarkar),Abdul Rezzak Molla,IANUS ALI SARKAR,0,0
17,Jalpaiguri,Jalpaiguri,SC,All India Trinamool Congress,0.8266515,0.8266515,0.155421233622187,0.16366312,0.8289482964271045,0.009685378,0.0156304699507084,,,,,0,0
262,Jamalpur,Barddhaman,SC,All India Trinamool Congress,0.9977258,0.9977258,0.9435804442874658,0.0021865738,0.0557083880950493,8.760657e-05,0.0007111676174848,,,,,0,0
279,Jamuria,Barddhaman,GEN,All India Trinamool Congress,0.9733498,0.9733498,0.6038429358751668,0.022326482,0.3731333489584998,0.0043236725,0.0230237151663334,Hareram Singh,??. ???? ??????? (Dr. Bijan Mukherjee),Tarun Kumar Ganguly,MD. SABBIR HUSSAIN,0,0
195,Jangipara,Hugli,GEN,All India Trinamool Congress,0.9969907,0.9969907,0.9310438296413632,0.0026154919,0.065799277061946,0.0003938341,0.0031568932966906,Snehasis Chakraborty,???? ????????? ??? (Shri Prasenjit Bag),Subhashis Datta,SUDIPTA SARKAR,0,0
58,Jangipur,Murshidabad,GEN,All India Trinamool Congress,0.9877621,0.9877621,0.7597745773411467,0.011291521,0.2339772161017455,0.0009463579,0.0062482065571077,Jakir Hossain,??. ?????? ??????? (Adv. Chitto Mukherjee),Mohammad Imran Ali,,0,0
136,Jaynagar,South  Twenty Four Parganas,SC,All India Trinamool Congress,0.99853086,0.99853086,0.9645380868375112,0.0013129953,0.0341672310888959,0.00015614845,0.0012946820735928,,,,,0,0
222,Jhargram,Paschim Medinipur,GEN,All India Trinamool Congress,0.9985207,0.9985207,0.9630159433445452,0.0013973541,0.0363054314183349,8.197587e-05,0.0006786252371196,Mangal Soren,???? ??????????? ???? (Shri Lakshmikant Sahu),Prasenjit Dey,ARJUN MAHATO,0,0
165,Jorasanko,Kolkata,GEN,All India Trinamool Congress,0.96242017,0.96242017,0.5023992291598623,0.03435729,0.4831610011436043,0.0032226152,0.0144397696965333,Vijay Upadhayay,???? ???? ??? (Shri Vijay Ojha),Deepak Singh,BHARAT RAM TIWARI,0,0
241,Joypur,Puruliya,GEN,Bharatiya Janta Party,0.95804626,0.041290544,0.0019707305296791,0.95804626,0.9977847504562511,0.0006631716,0.0002445190140697,Arjun Mahato,???? ???????? ???? (Shri Biswajit Mahato),Phani Bhushan Kumar,DHIRENDRA NATH MAHATO,0,0
131,Kakdwip,South  Twenty Four Parganas,GEN,All India Trinamool Congress,0.9356848,0.9356848,0.4364378370789172,0.03574736,0.4491852821694128,0.02856787,0.11437688075167,Manturam Pakhira,???? ??????? ??? (Shri Deepankar Jana),Nasiruddin Ahamed,NARAYAN DAS,0,0
11,Kalchini,Jalpaiguri,ST,Bharatiya Janta Party,0.98951334,0.009126144,0.0004222767236477,0.98951334,0.9990914033595564,0.0013605113,0.0004863199167959,,,,,0,0
34,Kaliaganj,Uttar Dinajpur,SC,Bharatiya Janta Party,0.95161825,0.043788485,0.0021007221868248,0.95161825,0.9961969491903918,0.004593298,0.0017023286227834,,,,,0,0
80,Kaliganj,Nadia,GEN,All India Trinamool Congress,0.99674773,0.99674773,0.9211833950813964,0.0031251868,0.0778082326122734,0.00012711374,0.0010083723063301,Alifa Ahmed,???? ???? ??? (Shri Bapan Ghosh),Kabil Uddin Shaikh,SABINA YASMIN,0,0
22,Kalimpong,Darjiling,GEN,OTHER,0.7435723,0.12286457,0.0144021392302805,0.13356313,0.3795929703020599,0.7435723,0.6060048904676595,*********,???? ??? ?????? (Shri Bharat Chetri),Santa Kumar Pradhan,,0,0
264,Kalna,Barddhaman,SC,All India Trinamool Congress,0.9714423,0.9714423,0.5595009792705922,0.028312253,0.4392856281048938,0.0002454426,0.0012133926245139,,,,,0,0
92,Kalyani,Nadia,SC,Bharatiya Janta Party,0.9962239,0.0035983454,0.0001654904121523,0.9962239,0.9997713524182932,0.0001777635,6.31571695543985e-05,,,,,0,0
112,Kamarhati,North Twenty Four Parganas,GEN,All India Trinamool Congress,0.99855226,0.99855226,0.975616879702906,0.0006826118,0.0179668119316061,0.00076508406,0.0064163083654877,Madan Mitra,???? ???? ????? (Shri Arup Choudhury),Kallol Mukherjee,MANAS MUKHERJEE,0,0
68,Kandi,Murshidabad,GEN,All India Trinamool Congress,0.99472964,0.99472964,0.8860991326531741,0.004501365,0.1080215005951926,0.0007689281,0.0058793667516332,Apurba Sarkar (David),??????? ?????? ??? ??? (Smt. Gargi Das Ghosh),Dr. Shamim Rana,DR. REJAUL KARIM,0,0
216,Kanthi Dakshin,Purba Medinipur,GEN,Bharatiya Janta Party,0.90297335,0.095437,0.0048172629620236,0.90297335,0.9945628896765484,0.0015896119,0.000619847361428,Tarun Kr Jana,???? ???? ????? ??? (Shri Arup Kumar Das),Sk. Masud Malik,TEHARAN HOSSAIN,0,0
213,Kanthi Uttar,Purba Medinipur,GEN,Bharatiya Janta Party,0.89621305,0.091507666,0.0046350381654848,0.89621305,0.9905601266279348,0.012279271,0.0048048352065803,Debasis Bhunia (Lalu),??????? ?????? ?????? (Smt. Sumita Sinha),Subrata Mahapatra,SUTANU MAITY,0,0
32,Karandighi,Uttar Dinajpur,GEN,All India Trinamool Congress,0.96822864,0.96822864,0.5364084943459884,0.030730242,0.4586405247544826,0.0010411324,0.004950980899529,Gautam Paul,??. ????? ??????? (Adv. Biraj Biswas),Murshid Alam,MD. SAHABUDDIN,0,0
77,Karimpur,Nadia,GEN,All India Trinamool Congress,0.9493582,0.9493582,0.4206890070693958,0.047539465,0.5675107223675709,0.0031023682,0.0118002705630333,Soham Chakraborty,???? ??????????? ??? (Shri Samarendranath Ghosh),Smt. Pooja Roy Chowdhury,PRAVAS MAJUMDER (SC),0,0
149,Kasba,South  Twenty Four Parganas,GEN,All India Trinamool Congress,0.9969336,0.9969336,0.94508047186778,0.001722173,0.0439812993624351,0.0013442402,0.0109382287697849,Javed Ahmed Khan,???? ????? ?????? (Shri Sandeep Banerjee),Md. Hasim Zeshan Ahmad,DIPU DAS,0,0
244,Kashipur,Puruliya,GEN,Bharatiya Janta Party,0.96948606,0.02920351,0.0013778855451036,0.96948606,0.9981444644903132,0.0013104534,0.000477649964583,Soumen Beltharia,???? ??????? ????? (Shri Kamalkanta Hansda),Subhas Mahato,SULEKHA BAURI,0,0
168,Kashipur-Belgachhia,Kolkata,GEN,All India Trinamool Congress,0.99921227,0.99921227,0.984957287579972,0.00046302128,0.0122955883362338,0.00032467666,0.002747124083794,,,,,0,0
256,Katulpur,Bankura,SC,Bharatiya Janta Party,0.9893289,0.008594553,0.0003976614891412,0.9893289,0.9988601306328426,0.002076468,0.000742207878016,,,,,0,0
270,Katwa,Barddhaman,GEN,All India Trinamool Congress,0.99267817,0.99267817,0.84145967696214,0.0067653493,0.1544912140170815,0.00055650243,0.0040491090207784,Rabindranath Chatterjee,???? ?????? ??? (Shri Krishna Ghosh),Ranajit Chatterjee,SANJIB DAS,0,0
223,Keshiary,Paschim Medinipur,ST,All India Trinamool Congress,0.98848456,0.98848456,0.764478535983531,0.011205649,0.2334646571894802,0.00030983504,0.0020568068269887,,,,,0,0
235,Keshpur,Paschim Medinipur,SC,All India Trinamool Congress,0.9549859,0.9549859,0.4611174113593067,0.039750684,0.5170682739494697,0.005263316,0.0218143146912235,,,,,0,0
271,Ketugram,Barddhaman,GEN,All India Trinamool Congress,0.99856853,0.99856853,0.9648992620207304,0.0013096145,0.0340907297351883,0.00012177363,0.0010100082440811,Sekh Sahonawez,???? ????? ??? (?????) (Shri Anadi Ghosh (Mathura)),Md. Mofirul Kassem,,0,0
202,Khanakul,Hugli,GEN,Bharatiya Janta Party,0.95653147,0.042258095,0.0020195955339951,0.95653147,0.9975335058454692,0.0012104433,0.0004468986205356,Palash Roy,???? ?????? ??? (Shri Susanta Ghosh),Pradip Kumar Kar,,0,0
259,Khandaghosh,Barddhaman,SC,All India Trinamool Congress,0.9955,0.9955,0.8948288825788188,0.004269901,0.1033963620318366,0.0002300235,0.0017747553893445,,,,,0,0
228,Kharagpur,Paschim Medinipur,GEN,All India Trinamool Congress,0.9984633,0.9984633,0.9638823760590046,0.0013195844,0.0343176728297384,0.0002172207,0.0017999511112568,Dinen Roy,???? ??? ???? (Shri Tapan Bhuya),Ujjal Mukherjee,SK. SAHAJAHAN ALI,0,0
224,Kharagpur Sadar,Paschim Medinipur,GEN,Bharatiya Janta Party,0.9376277,0.05678879,0.0027621202771059,0.9376277,0.9951399065237936,0.0055835433,0.0020979731991003,Pradip Sarkar,???? ????? ??? (Shri Dilip Ghosh),Dr. Smt. Papiya Chakraborty,MADHUSUDAN ROY,0,0
109,Khardaha,North Twenty Four Parganas,GEN,All India Trinamool Congress,0.9990606,0.9990606,0.9820556211710104,0.00055520487,0.014702332636922,0.00038424425,0.0032420461920674,Devdeep Purohit,??. ?????? ????????? (Dr. Kalyan Chakraborty),Joydev Ghosh,DEBOJYOTI DAS,0,0
66,Khargram,Murshidabad,SC,All India Trinamool Congress,0.99537164,0.99537164,0.896946706517733,0.0040659173,0.0987026110127061,0.00056248176,0.0043506824695609,,,,,0,0
215,Khejuri,Purba Medinipur,SC,Bharatiya Janta Party,0.92368317,0.07187915,0.0035475188231367,0.92368317,0.9947605387390176,0.004437657,0.0016919424378458,,,,,0,0
158,Kolkata Port,Kolkata,GEN,All India Trinamool Congress,0.9993318,0.9993318,0.9872312336715304,0.00039171302,0.01042475627725,0.00027642844,0.0023440100512195,Firhad Hakim,???? ????? ???? (Shri Rakesh Singh),Aquib Gulzar,FAIYAZ KHAN,0,0
83,Krishnanagar Uttar,Nadia,GEN,Bharatiya Janta Party,0.85907644,0.14001094,0.0074107586583465,0.85907644,0.9922160548611688,0.00091267284,0.0003731864804847,Avinabha Bhattacharya,???? ??????? ?????? (Shri Taraknath Chatterjee),Arghya Gon,ADWAITA BISWAS,0,0
88,Krishnaganj,Nadia,SC,Bharatiya Janta Party,0.9821322,0.016650727,0.000776000262719,0.9821322,0.9987858027772424,0.0012171122,0.0004381969600385,,,,,0,0
85,Krishnanagar Dakshin,Nadia,GEN,All India Trinamool Congress,0.9402453,0.9402453,0.3828531242197791,0.05462755,0.5992271345120334,0.005127116,0.0179197412681876,Ujjwal Biswas,???? ???? ??? (Shri Sadhan Ghosh),Abdur Rahim Shaikh,,0,0
133,Kulpi,South  Twenty Four Parganas,GEN,All India Trinamool Congress,0.99884003,0.99884003,0.9771559769415228,0.00072968716,0.0192306242243956,0.00043030895,0.0036133988340814,Barnali Dhara,???? ???? ????? (Shri Abni Naskar),Kutub Uddin Molla,,0,0
129,Kultali,South  Twenty Four Parganas,SC,All India Trinamool Congress,0.9943751,0.9943751,0.8991802311207228,0.0034436728,0.0838894048757444,0.0021812338,0.0169303640035328,,,,,0,0
282,Kulti,Barddhaman,GEN,Bharatiya Janta Party,0.9574749,0.040823437,0.0019488931867944,0.9574749,0.9974235354770352,0.0017016669,0.0006275713361704,Abhijit Ghatak,???? ??? ????? ??????? (Shri Ajay Kumar Poddar),Rabi Yadav,BHABANI ACHARYA,0,0
38,Kumarganj,Dakshin Dinajpur,GEN,All India Trinamool Congress,0.9653495,0.9653495,0.5255923397747213,0.031265974,0.4585905879031476,0.0033844966,0.0158170723221308,Toraf Hossain Mondal,???? ??????? ????? (Shri Suvendu Sarkar),Gulam Martuja Mandal,MOFAZZAL HOSSAIN,0,0
10,Kumargram,Jalpaiguri,ST,Bharatiya Janta Party,0.9771164,0.019919423,0.000932363865111,0.9771164,0.99799582497681,0.0029641455,0.0010718111580789,,,,,0,0
24,Kurseong,Darjiling,GEN,Bharatiya Janta Party,0.97909,0.008633606,0.0004021588307273,0.97909,0.9951802336549004,0.012276418,0.0044176075143723,*********,???? ???? ???? (Shri Sonam Lama),Saroj Kumar Khatri,,0,0
37,Kushmandi,Dakshin Dinajpur,SC,All India Trinamool Congress,0.9101039,0.9101039,0.2950217106433037,0.07644076,0.6675391192570549,0.01345537,0.0374391700996414,,,,,0,0
288,Labhpur,Birbhum,GEN,All India Trinamool Congress,0.9959675,0.9959675,0.9070787413552224,0.003672618,0.0901081978356436,0.0003598419,0.0028130608091339,,,,,0,0
61,Lalgola,Murshidabad,GEN,All India Trinamool Congress,0.99927896,0.99927896,0.9838051483995718,0.0005589776,0.014825367779544,0.0001620567,0.0013694838208841,Dr. Abdul Aziz,???? ??? ????? ??? (Shri Amar Kumar Das),Md. Touhidur Rahaman,,0,0
14,Madarihat,Jalpaiguri,ST,Bharatiya Janta Party,0.91806936,0.060907338,0.0030068096510878,0.91806936,0.9889755448983768,0.021023279,0.0080176454505352,,,,,0,0
118,Madhyamgram,North Twenty Four Parganas,GEN,All India Trinamool Congress,0.9990447,0.9990447,0.98389965834106,0.00044389832,0.0117770932717836,0.00051141885,0.0043232483871563,Rathin Ghosh,???? ?????????? ???? ?????? (Shri Anindya Raju Banerjee),Ananta Roy,,0,0
142,Magrahat Paschim,South  Twenty Four Parganas,GEN,All India Trinamool Congress,0.99938035,0.99938035,0.9871941214653724,0.00041652264,0.0110840656790703,0.0002030704,0.0017218128555572,Shamim Ahmed,???? ??? ????? ??? (Shri Gour Sundar Ghosh),Abdul Majid Halder,,0,0
141,Magrahat Purba,South  Twenty Four Parganas,SC,All India Trinamool Congress,0.99891746,0.99891746,0.9749771629176166,0.00089047477,0.0234139766928462,0.00019203746,0.0016088603895371,,,,,0,0
155,Maheshtala,South  Twenty Four Parganas,GEN,All India Trinamool Congress,0.99943715,0.99943715,0.9880661529537712,0.0003944498,0.0105053614081631,0.0001683363,0.0014284856380657,Subhasis Das,???? ????? ????? (Shri Tamanath Bhowmik),Haji Abdul Hannan,ADV. SAYAN BANERJEE,0,0
208,Mahishadal,Purba Medinipur,GEN,All India Trinamool Congress,0.9667165,0.9667165,0.5279205006840215,0.031530507,0.463862296475472,0.0017530207,0.0082172028405063,,,,,0,0
20,Mal,Jalpaiguri,ST,Bharatiya Janta Party,0.64562565,0.3440064,0.0237045228380824,0.64562565,0.9707764087043076,0.010367905,0.0055190684576098,,,,,0,0
47,Malatipur,Maldah,GEN,All India Trinamool Congress,0.9984865,0.9984865,0.9693904133716724,0.0010098675,0.026412508056732,0.00050364324,0.0041970785715957,Abdur Rahim Boxi,???? ???? ??? (Shri Ashish Das),Smt. Mausam Noor,MINARUL HOSSAIN,0,0
50,Maldaha,Maldah,SC,All India Trinamool Congress,0.8484458,0.8484458,0.1729746661980512,0.15012665,0.8245270620183052,0.0014276236,0.0024982717836436,,,,,0,0
243,Manbazar,Puruliya,ST,All India Trinamool Congress,0.98169196,0.98169196,0.6683943523982813,0.017971992,0.3296419524128124,0.0003360075,0.0019636951889061,,,,,0,0
135,Mandirbazar,South  Twenty Four Parganas,SC,All India Trinamool Congress,0.9971607,0.9971607,0.9430821588068932,0.0019508437,0.049704484534806,0.00088855735,0.0072133566583009,,,,,0,0
272,Mongalkote,Barddhaman,GEN,All India Trinamool Congress,0.99952316,0.99952316,0.9883086930864508,0.00042114232,0.0112180497748068,5.576091e-05,0.0004732571387424,,,,,0,0
49,Manikchak,Maldah,GEN,All India Trinamool Congress,0.98544794,0.98544794,0.7200768211517661,0.014064994,0.2768684187324864,0.00048703974,0.0030547601157475,Kabita Mandal,???? ??? ????? ???? (Shri Gaur Chandra Mandal),Md. Ansarul Hoque,DEBOJYOTI SINHA,0,0
167,Maniktola,Kolkata,GEN,All India Trinamool Congress,0.99620795,0.99620795,0.9232265510565836,0.002739901,0.0684040596713295,0.0010521264,0.0083693892720869,,,,,0,0
2,Mathabhanga,Koch Bihar,SC,Bharatiya Janta Party,0.959859,0.039286006,0.0018715704670779,0.959859,0.9978137602390402,0.00085501943,0.0003146692938818,,,,,0,0
157,Metiaburuz,South  Twenty Four Parganas,GEN,All India Trinamool Congress,0.9990213,0.9990213,0.9767616043458228,0.0008371785,0.0220506106926108,0.00014153258,0.0011877849615662,,,,,0,0
25,Matigara-Naxalbari,Darjiling,SC,Bharatiya Janta Party,0.9570841,0.03839252,0.0018318942940247,0.9570841,0.9965007608149768,0.0045233644,0.0016673448909985,,,,,0,0
16,Maynaguri,Jalpaiguri,SC,Bharatiya Janta Party,0.9798481,0.003472515,0.0001614106404513,0.9798481,0.9938492805179592,0.01667933,0.0059893088415894,,,,,0,0
290,Mayureswar,Birbhum,GEN,All India Trinamool Congress,0.99250174,0.99250174,0.8358010124598191,0.0071160956,0.1614366413567533,0.00038215445,0.0027623461834276,Abhijit Roy,???? ??? ????? ???? (Shri Dudh Kumar Mondal),Syed Kasafoddoza (Chandan),,0,0
236,Medinipur,Paschim Medinipur,GEN,All India Trinamool Congress,0.99688786,0.99688786,0.9346040378759348,0.0023447832,0.0592205945492919,0.00076738605,0.0061753675747733,Sujoy Hazra,??. ???? ??????? (Dr. Sankar Guchhait),Sambhunath Chattopadhyay,MONIKUNTAL KHAMRUI,0,0
1,Mekliganj,Koch Bihar,SC,All India Trinamool Congress,0.88096255,0.88096255,0.2302878079266924,0.10474876,0.737651301815008,0.014288759,0.0320608902582996,,,,,0,0
265,Memari,Barddhaman,GEN,All India Trinamool Congress,0.9994623,0.9994623,0.9871198574598312,0.00045903717,0.0122134975193004,7.8636396e-05,0.0006666450208682,Rasbihari Halder,???? ???? ???? (Shri Manav Guha),Prabir Ganguly,KRISHANU BHDRA (SC),0,0
122,Minakhan,North Twenty Four Parganas,SC,All India Trinamool Congress,0.99916613,0.99916613,0.9820190429599908,0.0006067578,0.0160652059485783,0.00022708545,0.0019157510914307,,,,,0,0
263,Monteswar,Barddhaman,GEN,All India Trinamool Congress,0.9996662,0.9996662,0.9917059960095944,0.00029938188,0.0080009612238822,3.4414028e-05,0.0002930427665232,Siddiqullah Chowdhury,???? ???? ???? (Shri Saikat Panja),Jyotirmoy Mondal,ANUPAM GHOSH,0,0
52,Mothabari,Maldah,GEN,All India Trinamool Congress,0.9986651,0.9986651,0.9711860574801848,0.0009899426,0.0259347044488731,0.0003449272,0.0028792380709419,Md. Najrul Islam,???? ?????? ??? (Shri Nibaran Ghosh),Sayem Chowdhury,,0,0
206,Moyna,Purba Medinipur,GEN,Bharatiya Janta Party,0.91761994,0.07827302,0.0038877308403416,0.91761994,0.99453640256355,0.0041070054,0.0015758665961082,Chandan Mondal,???? ???? ????? (Shri Ashok Dinda),Nimai Barman,SWAPAN BARMAN,0,0
294,Murarai,Birbhum,GEN,All India Trinamool Congress,0.99914515,0.99914515,0.9796518509181996,0.0007308713,0.0193051335632825,0.00012393102,0.0010430155185178,Mosarraf Hossain,??????? ????? ??? (Smt. Rinki Ghosh),Sanjibur Rahaman,MD. ALI REZA MANDAL,0,0
64,Murshidabad,Murshidabad,GEN,Bharatiya Janta Party,0.90304065,0.09223698,0.0046504646678509,0.90304065,0.9935101698610715,0.0047224425,0.0018393654710775,Shaoni Singha Roy,???? ???? ???? ??? (Shri Gouri Sankar Ghosh),Siddiqi Ali,ABDUL MANNAN,0,0
84,Nabadwip,Nadia,GEN,All India Trinamool Congress,0.9485386,0.9485386,0.4088865135871386,0.050640345,0.5880755953077366,0.0008210259,0.0030378911051247,Pundarikakshya Saha,???? ?????? ???? ???????? (Shri Sruti Sekhar Goswami),Samir Saha,SWARNENDU SINHA,0,0
65,Nabagram,Murshidabad,SC,All India Trinamool Congress,0.9836332,0.9836332,0.6933966785205016,0.016041383,0.3046345168482049,0.00032537672,0.0019688046312935,,,,,0,0
21,Nagrakata,Jalpaiguri,ST,Bharatiya Janta Party,0.985743,0.011913786,0.0005531039426169,0.985743,0.9986065344545534,0.002343145,0.0008403616028295,,,,,0,0
104,Naihati,North Twenty Four Parganas,GEN,All India Trinamool Congress,0.98447037,0.98447037,0.7472092261889118,0.010882575,0.2225153464016737,0.004647112,0.0302754274094144,Sanat Dey,???? ??????? ?????? (Shri Sumitro Chaterjee),Pradip Kumar Kundu,,0,0
81,Nakashipara,Nadia,GEN,All India Trinamool Congress,0.9915623,0.9915623,0.8179253699862383,0.008079226,0.1795362514908776,0.00035850494,0.0025383785228839,Kallol Kha,???? ?????? ?? (Shri Shantanu Dey),Golam Kibria Mandal,,0,0
293,Nalhati,Birbhum,GEN,All India Trinamool Congress,0.9995167,0.9995167,0.9879107769223108,0.00044035766,0.0117252455710279,4.2902175e-05,0.000363977506661,Rajendra Prasad Singh,???? ???? ???? (Shri Anil Singh),Dr. Abdul Karim,DIPAK CHATTERJEE,0,0
207,Nandakumar,Purba Medinipur,GEN,All India Trinamool Congress,0.9361352,0.9361352,0.368590420059414,0.057499137,0.6098956247374762,0.0063657155,0.0215139552031097,Sukumar Dey,???? ?????? ????? (Shri Nirmal Khanra),Sekh Matin,,0,0
210,Nandigram,Purba Medinipur,GEN,All India Trinamool Congress,0.7734777,0.7734777,0.117125295529846,0.21170332,0.8636132462642805,0.014818993,0.0192614582058734,Pabitra Kar,???? ??????? ??????? (Shri Suvendu Adhikari),SK Jariatul Hossain,SHANTI GIRI,0,0
287,Nanoor,Birbhum,SC,All India Trinamool Congress,0.78800744,0.78800744,0.1229273343277103,0.20716476,0.8706081952791168,0.0048277774,0.0064644703931729,,,,,0,0
74,Naoda,Murshidabad,GEN,All India Trinamool Congress,0.9946884,0.9946884,0.8772389826354042,0.0050994037,0.1211543432320354,0.00021224104,0.0016066741325602,Shahina Mumtaz,???? ???? ???? (Shri Rana Mandal),Motiur Rahaman,HABIBUR RAHAMAN MONDAL,0,0
225,Narayangarh,Paschim Medinipur,GEN,All India Trinamool Congress,0.9801517,0.9801517,0.6526976992381113,0.019131323,0.3432041352713739,0.00071697356,0.0040981654905148,Pratibha Rani Maity,???? ??? ?????? ???? (Shri Rama Prasad Giri),Sk Alam Hossain,TAPAS SINHA,0,0
8,Natabari,Koch Bihar,GEN,Bharatiya Janta Party,0.95136505,0.04424829,0.0021234595982759,0.95136505,0.9962502557570958,0.0043867105,0.0016262846446282,Sailen Barma,???? ?????? ???? ??? (Shri Girija Shankar Roy),Biswajit Sarkar,DHANANJOY RAVA (SC),0,0
220,Nayagram,Paschim Medinipur,ST,All India Trinamool Congress,0.99528104,0.99528104,0.8911234279407961,0.004418062,0.1065645267207942,0.00030084074,0.0023120453384096,,,,,0,0
107,Noapara,North Twenty Four Parganas,GEN,All India Trinamool Congress,0.9910671,0.9910671,0.8395563648525238,0.006140924,0.1401423014714394,0.0027919665,0.0203013336760366,Trinankur Bhattacharya,???? ?????? ???? (Shri Arjun Singh),Asoke Bhattacharya (Raja),GARGI CHATTERJEE,0,0
254,Onda,Bankura,GEN,Bharatiya Janta Party,0.9140608,0.0830428,0.0041415588454148,0.9140608,0.9947425132935512,0.0028964377,0.0011159278610338,Subrata Dutta (Gope),???? ?????? ???? (Shri Amarnath Shakha),Paban Salampuria,ASIT SHARMA,0,0
79,Palashipara,Nadia,GEN,All India Trinamool Congress,0.99315417,0.99315417,0.8460655341596086,0.006642768,0.1524491972351901,0.00020311879,0.0014852686052012,Rukbanur Rahman,??????? ????? ????? (Smt. Anima Dutta),Hamidul Haque,,0,0
175,Panchla,Haora,GEN,All India Trinamool Congress,0.9987142,0.9987142,0.9710311766607328,0.0010218867,0.0267659966634748,0.00026394948,0.0022028266757924,Gulshan Mullick,???? ???? ????? ??? (Shri Ranjan Kumar Paul),Rahul Pandey,FARID MOLLA,0,0
275,Pandabeswar,Barddhaman,GEN,All India Trinamool Congress,0.962286,0.962286,0.5196986664298446,0.030813903,0.4483145867880043,0.006900095,0.031986746782151,Narendranath Chakraborty,???? ???????? ????? ?????? (Shri Jitendra Kumar Tewari),Uttam Kumar Roy,PRABIR MONDAL,0,0
192,Pandua,Hugli,GEN,All India Trinamool Congress,0.99715245,0.99715245,0.9382504549843272,0.002243627,0.0568717516028341,0.0006039467,0.0048777934128387,Samir Chakraborty (Bua),???? ????? ????? ??????? (Shri Tushar Kumar Majumdar),Sanatan Mandi,AMJAD HOSSAIN,0,0
111,Panihati,North Twenty Four Parganas,GEN,All India Trinamool Congress,0.99721247,0.99721247,0.9465923932897904,0.001761658,0.0450490496462421,0.0010258608,0.0083585570639674,Tirthankar Ghosh (Puchi),??????? ????? ?????? (Smt. Ratna Debnath),Subhashis Bhattacharya,KALATAN DASGUPTA,0,0
205,Panskura Paschim,Purba Medinipur,GEN,All India Trinamool Congress,0.9327776,0.9327776,0.3526542325027539,0.061845813,0.6298976946198065,0.0053766146,0.0174480728774397,Siraj Khan,???? ????? ??????? (Shri Sintu Senapati),Kalyan Roy,NIRANJAN SIHI,0,0
204,Panskura Purba,Purba Medinipur,GEN,All India Trinamool Congress,0.97786593,0.97786593,0.6271951346602578,0.021314932,0.3682951847846687,0.0008191338,0.0045096805550734,Asim Kumar Maji,???? ?????? ???? (Shri Subrata Maity),Dipak Patra,IBRAHIM ALI,0,0
245,Para,Puruliya,SC,Bharatiya Janta Party,0.99910754,0.0007613149,3.4917489439306186e-05,0.99910754,0.999918629569765,0.00013110657,4.645294079578192e-05,,,,,0,0
212,Patashpur,Purba Medinipur,GEN,All India Trinamool Congress,0.9544267,0.9544267,0.446938087705496,0.04303091,0.5428427480499184,0.002542395,0.0102191642445855,Pijus Kanti Panda,???? ??? ???? (Shri Tapan Maity),,SAIKAT GIRI,0,0
130,Patharpratima,South  Twenty Four Parganas,GEN,All India Trinamool Congress,0.984718,0.984718,0.836095582355807,0.0033703777,0.0770923613582446,0.011911554,0.0868120562859482,Samir Kumar Jana,???? ???? ????? ????? (Shri Asit Kumar Haldar),Subhrangshu Nayek,SATYA RANJAN DAS,0,0
27,Phansidewa,Darjiling,ST,Bharatiya Janta Party,0.97903466,0.01926279,0.0009003034579272,0.97903466,0.9984849833804458,0.0017025219,0.000614713161627,,,,,0,0
227,Pingla,Paschim Medinipur,GEN,All India Trinamool Congress,0.96106213,0.96106213,0.4968431465366703,0.0348144,0.4848590179171225,0.004123484,0.0182978355462071,Ajit Maity,??????? ??????? ????? (Smt. Swagata Manna),Sushanta Mandal,ASHOKE SEN,0,0
268,Purbasthali Dakshin,Barddhaman,GEN,All India Trinamool Congress,0.9994679,0.9994679,0.9866198600520308,0.0004896048,0.0130201321867399,4.2487707e-05,0.0003600077612291,Swapan Debnath,???? ?????????? ????? (Shri Prankrishna Tapadar),Rabindranath Mondal,,0,0
269,Purbasthali Uttar,Barddhaman,GEN,All India Trinamool Congress,0.99660647,0.99660647,0.918791610874529,0.0032119176,0.0797712573919798,0.0001816083,0.0014371317334913,Vasundhara Goswami,???? ????? ???????????? (Shri Gopal Chattopadhayay),Amitava Bhattacharya,PRADIP SAHA,0,0
199,Pursurah,Hugli,GEN,Bharatiya Janta Party,0.89466697,0.10322496,0.0052553188908184,0.89466697,0.9939155774398046,0.002108067,0.0008291036693769,Partha Hazari,???? ????? ??? (Shri Biman Ghosh),Sk. Habibar Rahaman,SANDIP KUMAR SAMANTA,0,0
242,Purulia,Puruliya,GEN,Bharatiya Janta Party,0.9211675,0.07748032,0.0038378100075116,0.9211675,0.9956447655651952,0.001352212,0.0005174244272931,Sujoy Banerjee,???? ????? ????? ??????? (Shri Sudip Kumar Mukherjee),Dibyajyoti Prasad Singh Deo,SAYANTAN GHOSH,0,0
59,Raghunathganj,Murshidabad,GEN,All India Trinamool Congress,0.991236,0.991236,0.8191567024002009,0.007823458,0.17417162412104,0.00094054005,0.0066716734787592,Janab Akhruzzaman,???? ?????? ??????? (Shri Surjit Poddar),Nasir Saikh,,0,0
246,Raghunathpur,Puruliya,SC,Bharatiya Janta Party,0.94786465,0.051180713,0.0024675075631636,0.94786465,0.9971769476144486,0.0009546235,0.0003555448223877,,,,,0,0
134,Raidighi,South  Twenty Four Parganas,GEN,All India Trinamool Congress,0.9859044,0.9859044,0.810792385495387,0.0059425696,0.1316551514837562,0.008153076,0.0575524630208567,Tapas Mondal,???? ???? ???? (Shri Palash Rana),Asish Kumar Mandal,SAMYA GANGULY,0,0
35,Raiganj,Uttar Dinajpur,GEN,All India Trinamool Congress,0.746652,0.746652,0.1028116360391065,0.23649357,0.877267616825423,0.016854428,0.0199207471354704,Krishna Kalyani,???? ????? ????? (Shri Kaushik Chowdhury),Mohit Sengupta,JIBANANDA SINGHA,0,0
261,Raina,Barddhaman,SC,All India Trinamool Congress,0.990657,0.990657,0.8170023801537948,0.0077194683,0.1715047374045647,0.001623534,0.0114928824416403,,,,,0,0
250,Raipur,Bankura,ST,All India Trinamool Congress,0.98371524,0.98371524,0.6977136468883507,0.015603492,0.2981386936655475,0.00068128324,0.0041476594461016,,,,,0,0
117,Rajarhat  Gopalpur,North Twenty Four Parganas,GEN,All India Trinamool Congress,0.99494725,0.99494725,0.8986378438377159,0.0037510938,0.091270682010632,0.0013016745,0.0100914741516519,,,,,0,0
115,Rajarhat New Town,North Twenty Four Parganas,GEN,All India Trinamool Congress,0.9981542,0.9981542,0.9724105686476784,0.0006797177,0.0178389519058034,0.001166021,0.0097504794465181,,,,,0,0
18,Rajganj,Jalpaiguri,SC,Bharatiya Janta Party,0.9036522,0.09269804,0.0046724105999934,0.9036522,0.9939064333678448,0.0036497342,0.0014211560321616,,,,,0,0
217,Ramnagar,Purba Medinipur,GEN,All India Trinamool Congress,0.9762083,0.9762083,0.6107375755769003,0.022771098,0.3837822113419403,0.0010205111,0.0054802130811594,Akhil Giri,???? ????? ???? ???? (Shri Chandra Sekhar Mondal),Manas Kumar Dutta,ASHOKE KUMAR MAITY,0,0
291,Rampurhat,Birbhum,GEN,All India Trinamool Congress,0.9843753,0.9843753,0.7075387939834791,0.014860391,0.2877454793454932,0.00076434866,0.0047157266710276,Asish Banerjee,???? ????? ???? (Shri Dhruba Saha),Vivekananda Shaw,SANJIB MALLICK,0,0
90,Ranaghat Dakshin,Nadia,SC,Bharatiya Janta Party,0.98706764,0.011492182,0.0005329985545901,0.98706764,0.9989510157135852,0.0014401379,0.0005159857318246,,,,,0,0
87,Ranaghat Uttar Paschim,Nadia,GEN,Bharatiya Janta Party,0.9563203,0.040846016,0.0019515014534286,0.9563203,0.9970026052774604,0.0028337277,0.0010458932691108,Tapas Ghosh,???? ?????????? ?????? (Shri Parthasarathi Chatterjee),Naba Kumar Mondal,,0,0
89,Ranaghat Uttar Purba,Nadia,SC,Bharatiya Janta Party,0.9130568,0.08535953,0.0042634221827384,0.9130568,0.9951255182720048,0.0015836789,0.0006110595452567,,,,,0,0
249,Ranibandh,Bankura,ST,All India Trinamool Congress,0.9230386,0.9230386,0.3110743009945925,0.07537739,0.6843434111357839,0.001584056,0.0045822878696235,,,,,0,0
278,Raniganj,Barddhaman,GEN,Bharatiya Janta Party,0.8528579,0.14242731,0.0075803467382221,0.8528579,0.9904811588855568,0.00471475,0.0019384943762209,Kalobaran Mondal,??. ?????? ??? (Adv. Partho Ghosh),Faiz Ahmed,NARAN BAURI (SC),0,0
63,Raninagar,Murshidabad,GEN,All India Trinamool Congress,0.9912866,0.9912866,0.8141809959569851,0.008250592,0.1825557685163813,0.0004628701,0.0032632355266335,Soumik Hussain,???? ???? ?????? ???? ??? (Shri Rana Pratap Singh Roy),Zulfikur Ali,JAMAL HOSSAIN,0,0
160,Rashbehari,Kolkata,GEN,All India Trinamool Congress,0.99583495,0.99583495,0.9155496927227368,0.0030564882,0.0757017647833357,0.0011085967,0.0087485424939274,Debasish Kumar,???? ????? ??? ?????? (Shri Swapan Das Gupta),Ashutosh Chatterjee,,0,0
48,Ratua,Maldah,GEN,All India Trinamool Congress,0.97181267,0.97181267,0.5692692376190583,0.026877591,0.4241448748390561,0.0013098199,0.0065858875418854,Samar Mukherjee,???? ?????? ????????? (Shri Abhishek Singhania),Mottakin Alam,JAHUR ALAM,0,0
70,Rejinagar,Murshidabad,GEN,All India Trinamool Congress,0.9990299,0.9990299,0.9764790924614566,0.0008573271,0.0225745830717656,0.00011279453,0.0009463244667777,Ataur Rahman,???? ???? ??? (Shri Bapan Ghosh),Jillu Sk.,,0,0
226,Sabang,Paschim Medinipur,GEN,All India Trinamool Congress,0.9825036,0.9825036,0.7092365175416383,0.013761955,0.2676244546856597,0.003734398,0.0231390277727019,Manas Ranjan Bhunia,???? ??? ????? (Shri Amal Panda),Aloke Kumar Samui,NAKUL CHANDRA BERA,0,0
132,Sagar,South  Twenty Four Parganas,GEN,All India Trinamool Congress,0.98062176,0.98062176,0.7747113530303603,0.0064738467,0.1377810623903097,0.012904457,0.0875075845793299,Bankim Chandra Hazra,???? ?????? ???? (Shri Sumanta Mandal),Prasanta Khutia,SWAPAN SINGHA,0,0
60,Sagardighi,Murshidabad,GEN,All India Trinamool Congress,0.9986847,0.9986847,0.9719631049892264,0.0009543184,0.0250209274902831,0.00036102536,0.0030159675204905,Bayron Biswas,???? ???? ????????? (Shri Tapas Chakraborty),,,0,0
289,Sainthia,Birbhum,SC,All India Trinamool Congress,0.96523994,0.96523994,0.5116395367469025,0.03393777,0.4846194481993348,0.00082222954,0.0037410150537626,,,,,0,0
234,Salboni,Paschim Medinipur,GEN,All India Trinamool Congress,0.66741294,0.66741294,0.0784113035990984,0.27182007,0.8603086609884383,0.060766943,0.0612800354124631,Srikanta Mahata,???? ????? ???? (Shri Biman Mahto),Arup Mukherjee,,0,0
247,Saltora,Bankura,SC,Bharatiya Janta Party,0.9442089,0.055007108,0.0026619001362499,0.9442089,0.997045041923344,0.0007839177,0.0002930579404061,,,,,0,0
56,Samserganj,Murshidabad,GEN,All India Trinamool Congress,0.99239457,0.99239457,0.8410089913582617,0.0066642766,0.1521451095880047,0.0009411236,0.0068458990537335,Nur Alam,???? ????? ??? ??? (Shri Shashthi Charan Ghosh),Nazme Alam,,0,0
123,Sandeshkhali,North Twenty Four Parganas,ST,All India Trinamool Congress,0.9996351,0.9996351,0.9916135639302964,0.00028994912,0.0077483901487729,7.4934775e-05,0.0006380459209305,,,,,0,0
174,Sankrail,Haora,SC,All India Trinamool Congress,0.9990395,0.9990395,0.9793512848395216,0.0006983507,0.0184424295938455,0.0002622034,0.0022062855666328,,,,,0,0
86,Santipur,Nadia,GEN,Bharatiya Janta Party,0.94688576,0.051974684,0.0025081003398367,0.94688576,0.9970670796802452,0.0011395721,0.0004248199799178,Braja Kishore Goswami,???? ????? ??? (Shri Swapan Das),Alok Chatterjee,SOUMEN MAHATO,0,0
193,Saptagram,Hugli,GEN,All India Trinamool Congress,0.9841039,0.9841039,0.7119282682186214,0.014260227,0.2779140141604643,0.0016358116,0.010157717620914,Bidesh Bose,???? ?????? ??? (Shri Swaraj Ghosh),Sougata Ghosh,ANIRBAN SARKAR,0,0
145,Satgachhia,South  Twenty Four Parganas,GEN,All India Trinamool Congress,0.98798615,0.98798615,0.8419492141946677,0.00448593,0.1029855411707462,0.0075279195,0.055065244634586,,,,,0,0
172,Shibpur,Haora,GEN,All India Trinamool Congress,0.999206,0.999206,0.983846661047345,0.0005224487,0.0138581340943364,0.00027156982,0.0022952048583185,Dr Rana Chatterjee,???? ???????? ??? (Shri Rudranil Ghosh),Smt. Shrabanti Singh,DR. JAGANNATH BHATTACHARYA,0,0
166,Shyampukur,Kolkata,GEN,All India Trinamool Congress,0.9984932,0.9984932,0.9687332451385996,0.001051063,0.0274711325474872,0.00045578112,0.0037956223139133,Dr. Shashi Panja,??????? ???????? ????????? (Smt. Poornima Chakraborty),Purna Ghosh,,0,0
179,Shyampur,Haora,GEN,All India Trinamool Congress,0.98781395,0.98781395,0.7648928795245821,0.010842673,0.226178097620177,0.0013434172,0.0089290228552408,Nadebasi Jana,??. ??????? ???????????? (Dr. Hiranmoy Chattopadhyay),SK. Manjur Alam,ASIT BARAN SAU,0,0
26,Siliguri,Darjiling,GEN,All India Trinamool Congress,0.7026747,0.7026747,0.0868473874859601,0.2634647,0.8772302522875194,0.033860616,0.0359223602265204,Goutam Deb,??. ???? ??? (Dr. Shankar Ghosh),Aloke Dhara,SHARADINDU CHAKRABORTY,0,0
188,Singur,Hugli,GEN,All India Trinamool Congress,0.9991301,0.9991301,0.9798028326011652,0.0007152294,0.0188951667797715,0.00015467744,0.0013020006190632,Becharam Manna,??. ???? ????? ??? (Dr. Arup Kumar Das),Barun Kumar Malik,DEBASISH CHATTERJEE,0,0
6,Sitai,Koch Bihar,SC,Bharatiya Janta Party,0.97557753,0.01975164,0.0009254011714685,0.97557753,0.9973840411276234,0.004670819,0.0016905577009081,,,,,0,0
5,Sitalkuchi,Koch Bihar,SC,Bharatiya Janta Party,0.9861995,0.0116383415,0.0005401084749799,0.9861995,0.9986847450730018,0.0021621399,0.0007751464520182,,,,,0,0
258,Sonamukhi,Bankura,SC,Bharatiya Janta Party,0.96007055,0.039234787,0.0018688342629806,0.96007055,0.9978755440742544,0.00069468527,0.0002556216627649,,,,,0,0
147,Sonarpur Dakshin,South  Twenty Four Parganas,GEN,All India Trinamool Congress,0.9940274,0.9940274,0.9161934899562406,0.0021605983,0.0536477607756483,0.0038120353,0.030158749268111,Arundhuti Maitra (Lovely),??????? ???? ??????? (Smt. Roopa Ganguly),Smt. Subrata Datta,PARAMITA DASGUPTA,0,0
151,Sonarpur Uttar,South  Twenty Four Parganas,GEN,All India Trinamool Congress,0.9962475,0.9962475,0.9325752282022938,0.002169252,0.054703531091869,0.0015832346,0.0127212407058372,Firdousi Begum,???? ??????? ?? (Shri Debashish Dhar),Dr. Jagannath Kumir,MONALISA SINHA,0,0
186,Sreerampur,Hugli,GEN,All India Trinamool Congress,0.98340005,0.98340005,0.7001676089343544,0.015179574,0.2911522139577179,0.0014203299,0.0086801771079276,Tanmoy Ghosh,???? ?????? ?????????? (Shri Bhaskar Bhattacharya),,NABANITA CHAKRABORTY,0,0
53,Sujapur,Maldah,GEN,All India Trinamool Congress,0.9956756,0.9956756,0.8990545868259973,0.0040682293,0.098960605428279,0.00025608414,0.0019848077457236,Sabina Yeasmin,???? ?????? ????? (Shri Abhiraj Chaudhary),Md Abdul Hannan,,0,0
285,Suri,Birbhum,GEN,All India Trinamool Congress,0.9720348,0.9720348,0.5717174654529914,0.02659232,0.4213515521854306,0.0013728642,0.0069309823615779,Ujjal Chatterjee,???? ??????? ???????????? (Shri Jagannath Chattopadhyay),Sanjoy Adhikary,MOTIUR RAHAMAN,0,0
57,Suti,Murshidabad,GEN,All India Trinamool Congress,0.99738866,0.99738866,0.9363061257852766,0.0024752188,0.0625973224824332,0.00013608433,0.0010965517322901,Emani Biswas,???? ?????? ??? (Shri Mahabir Ghosh),Alfazuddin Biswas,A.K.M. HASANUJJAMAN,0,0
98,Swarupnagar,North Twenty Four Parganas,SC,All India Trinamool Congress,0.9752715,0.9752715,0.5965978007852156,0.024362305,0.401479352017685,0.00036620232,0.0019228471970993,,,,,0,0
251,Taldangra,Bankura,GEN,All India Trinamool Congress,0.97991973,0.97991973,0.6478168344861436,0.019632384,0.3496419158909422,0.000447835,0.0025412496229142,Falguni Singhababu,???? ????? ?????? (Shri Souvik Patra),Nayan Das Chakraborty,DEBKANTI MOHANTI,0,0
203,Tamluk,Purba Medinipur,GEN,All India Trinamool Congress,0.97323316,0.97323316,0.6103522975450707,0.021331295,0.3603874271799631,0.0054355958,0.029260275274966,Dipendra Narayan Roy,??. ??? ?????? ???? (Dr. Hare Krishna Bera),Haradhan Mazumder,NABENDU GHARA,0,0
40,Tapan,Dakshin Dinajpur,ST,Bharatiya Janta Party,0.9516168,0.039099198,0.001872925186951,0.9516168,0.9946915390963794,0.009283929,0.0034355357166696,,,,,0,0
198,Tarakeswar,Hugli,GEN,All India Trinamool Congress,0.9953779,0.9953779,0.896426804537062,0.0041039744,0.0995680970066397,0.0005181062,0.0040050984562982,Ramendu Singha Roy,???? ???? ??? (Shri Santu Pan),Bhabani Prasad Mondal,ABESH KHAMRUI,0,0
78,Tehatta,Nadia,GEN,All India Trinamool Congress,0.95322883,0.95322883,0.4354668477401359,0.045450788,0.559355701858366,0.0013203542,0.0051774504014981,Dilip Poddar,???? ?????? ?????? (Shri Subrata Kabiraj),Jyotirmoy Sarkar,SUBODH BISWAS (SC),0,0
152,Tollyganj,South  Twenty Four Parganas,GEN,All India Trinamool Congress,0.99493825,0.99493825,0.8895285712143345,0.0043645343,0.1051212239916714,0.0006971706,0.005350204793994,Aroop Biswas,??????? ?????? (??) ??????? (Smt. Papiya (Dey) Adhikari),Manas Sinha Roy,PROF. PARTHA PRATIM BISWAS,0,0
9,Tufanganj,Koch Bihar,GEN,Bharatiya Janta Party,0.9647061,0.032947466,0.0015613520265998,0.9647061,0.9975796471013144,0.0023464144,0.0008590008720856,Shib Sankar Paul,??????? ????? ???? ??? (Smt. Malati Rava Roy),Debendra Nath Barma,SHYAMAL ROY,0,0
182,Udaynarayanpur,Haora,GEN,All India Trinamool Congress,0.99927944,0.99927944,0.9837895380429827,0.00056004984,0.0148535632181353,0.00016057008,0.0013568987388818,Samir Kumar Panja,???? ??????? ????? (Shri Prabhakar Pandit),Asit Bakuly,SHASTHI MAJI,0,0
178,Uluberia Dakshin,Haora,GEN,All India Trinamool Congress,0.9971317,0.9971317,0.9316696046003914,0.0026428124,0.0665218721550478,0.0002255003,0.0018085232445608,Pulak Roy,?????? ???????? ???? ?????? (Swami Mangalanand Puri Maharaj),Intaz Ali Shah,AMIRUL ISLAM KHAN,0,0
176,Uluberia Purba,Haora,GEN,All India Trinamool Congress,0.99946076,0.99946076,0.9890305243860964,0.0003517196,0.0093762513657689,0.00018757087,0.0015932242481345,Ritabrata Banerjee,???? ??????????? ?????? (Shri Rudraprasad Banerjee),Alam Deiyan SK,,0,0
177,Uluberia Uttar,Haora,SC,All India Trinamool Congress,0.999012,0.999012,0.980788112494168,0.0006040548,0.0159760551766582,0.00038398473,0.0032358323291736,,,,,0,0
185,Uttarpara,Hugli,GEN,All India Trinamool Congress,0.9977781,0.9977781,0.9515328151761254,0.0017297353,0.0444383755494171,0.00049217476,0.0040288092744573,Sirsanya Bandopadhyay,???? ??????? ????????? (Shri Dipanjan Chakraborty),Subrata Mukherjee,MINAKSHI MUKHERJEE,0,0
