AC_Number,Constituency_Name,District,Margin_Pct,total_squeeze_pct,Predicted_Winner_baseline,Predicted_Winner_Prob_baseline,Predicted_Winner_adjusted,Predicted_Winner_Prob_adjusted
53,Sujapur,Maldah,63.2,0.25,All India Trinamool Congress,0.9473424797144672,All India Trinamool Congress,0.7297110734309937
57,Suti,Murshidabad,33.1,0.25,All India Trinamool Congress,0.967458955421561,All India Trinamool Congress,0.7441579665488399
63,Raninagar,Murshidabad,36.4,0.25,All India Trinamool Congress,0.8985806614340803,All India Trinamool Congress,0.6945226959219283
48,Ratua,Maldah,34.8,0.25,All India Trinamool Congress,0.7279320033097886,All India Trinamool Congress,0.569454586390677
60,Sagardighi,Murshidabad,27.1,0.25,All India Trinamool Congress,0.9853086127942926,All India Trinamool Congress,0.7569429266766732
70,Rejinagar,Murshidabad,32.7,0.25,All India Trinamool Congress,0.9880956554817176,All India Trinamool Congress,0.7589362918174968
56,Samserganj,Murshidabad,14.2,0.25,All India Trinamool Congress,0.9135019976508716,All India Trinamool Congress,0.7053160748131855
69,Bharatpur,Murshidabad,23.1,0.25,All India Trinamool Congress,0.8853115532894779,All India Trinamool Congress,0.6849054297253296
111,Panihati,North Twenty Four Parganas,14.6,0.25,All India Trinamool Congress,0.9710147637074512,All India Trinamool Congress,0.7467073877341975
35,Raiganj,Uttar Dinajpur,13.1,0.25,Bharatiya Janta Party,0.7853516951761353,Bharatiya Janta Party,0.8068489860742565
59,Raghunathganj,Murshidabad,52.4,0.25,All India Trinamool Congress,0.9007082388990042,All India Trinamool Congress,0.6960630666708949
71,Beldanga,Murshidabad,26.5,0.25,All India Trinamool Congress,0.9873726458545448,All India Trinamool Congress,0.7584192511307968
54,Baisnabnagar,Maldah,1.2,0.25,All India Trinamool Congress,0.6409208596029713,All India Trinamool Congress,0.5045084595066531
123,Sandeshkhali,North Twenty Four Parganas,19.5,0.25,All India Trinamool Congress,0.9957130047458824,All India Trinamool Congress,0.764380461461535
33,Hemtabad,Uttar Dinajpur,12.3,0.25,Bharatiya Janta Party,0.5124233335834197,Bharatiya Janta Party,0.574494087769438
46,Harischandrapur,Maldah,38.3,0.25,All India Trinamool Congress,0.9726341824364856,All India Trinamool Congress,0.7478680484215834
55,Farakka,Murshidabad,32.4,0.25,All India Trinamool Congress,0.9889272725783168,All India Trinamool Congress,0.7595309356311674
67,Burwan,Murshidabad,1.6,0.25,All India Trinamool Congress,0.5592669965459537,Bharatiya Janta Party,0.4735983288198837
52,Mothabari,Maldah,35.1,0.25,All India Trinamool Congress,0.9849503888346792,All India Trinamool Congress,0.7566866593380345
34,Kaliaganj,Uttar Dinajpur,9.2,0.25,Bharatiya Janta Party,0.9931695462750176,Bharatiya Janta Party,0.9935988676976087
31,Chakulia,Uttar Dinajpur,19.6,0.25,All India Trinamool Congress,0.8640684627856875,All India Trinamool Congress,0.6694713037733966
61,Lalgola,Murshidabad,32.1,0.25,All India Trinamool Congress,0.9916553646337218,All India Trinamool Congress,0.7614811600178778
50,Maldaha,Maldah,7.6,0.25,Bharatiya Janta Party,0.6980529409648945,Bharatiya Janta Party,0.7338915710100737
49,Manikchak,Maldah,16.5,0.25,All India Trinamool Congress,0.8392061092167399,All India Trinamool Congress,0.6513488453360163
47,Malatipur,Maldah,50.1,0.25,All India Trinamool Congress,0.983715841061505,All India Trinamool Congress,0.7558033865685831
74,Naoda,Murshidabad,36.9,0.25,All India Trinamool Congress,0.93541052328501,All India Trinamool Congress,0.7211227462999467
65,Nabagram,Murshidabad,17.3,0.25,All India Trinamool Congress,0.8213917529088182,All India Trinamool Congress,0.6383246037592757
64,Murshidabad,Murshidabad,1.1,0.25,Bharatiya Janta Party,0.987810747567028,Bharatiya Janta Party,0.9887620062751232
66,Khargram,Murshidabad,17.7,0.25,All India Trinamool Congress,0.9456062481028066,All India Trinamool Congress,0.72846226919077
45,Chanchal,Maldah,33.9,0.25,All India Trinamool Congress,0.8923232507644123,All India Trinamool Congress,0.6899896465503693
28,Chopra,Uttar Dinajpur,32.0,0.25,Bharatiya Janta Party,0.8277931576682583,Bharatiya Janta Party,0.8464116893924533
62,Bhagabangola,Murshidabad,47.6,0.25,All India Trinamool Congress,0.8568981680255543,All India Trinamool Congress,0.6642513088936185
30,Goalpokhar,Uttar Dinajpur,46.1,0.25,All India Trinamool Congress,0.84904717474506,All India Trinamool Congress,0.6585297099366215
44,Gazole,Maldah,0.8,0.25,Bharatiya Janta Party,0.9904507404916424,Bharatiya Janta Party,0.99112877891055
72,Baharampur,Murshidabad,13.8,0.25,Bharatiya Janta Party,0.9958204144193784,Bharatiya Janta Party,0.9960534272409448
73,Hariharpara,Murshidabad,6.5,0.25,All India Trinamool Congress,0.6682005953947698,All India Trinamool Congress,0.5249572358826659
43,Habibpur,Maldah,10.0,0.25,Bharatiya Janta Party,0.9954099554530108,Bharatiya Janta Party,0.9956889555000696
75,Domkal,Murshidabad,21.1,0.25,All India Trinamool Congress,0.8909534129483239,All India Trinamool Congress,0.6889967642836987
76,Jalangi,Murshidabad,36.1,0.25,All India Trinamool Congress,0.9369827367194976,All India Trinamool Congress,0.7222552081760806
58,Jangipur,Murshidabad,47.7,0.25,All India Trinamool Congress,0.8642855193917718,All India Trinamool Congress,0.6696292393766212
36,Itahar,Uttar Dinajpur,22.8,0.25,All India Trinamool Congress,0.9441864862637016,All India Trinamool Congress,0.7274408636887363
29,Islampur,Uttar Dinajpur,22.3,0.25,All India Trinamool Congress,0.853168858088637,All India Trinamool Congress,0.6615342747875983
32,Karandighi,Uttar Dinajpur,17.4,0.25,All India Trinamool Congress,0.7013008520118209,All India Trinamool Congress,0.5496623047136666
68,Kandi,Murshidabad,20.8,0.25,All India Trinamool Congress,0.9392703369956424,All India Trinamool Congress,0.7239025160091145
51,Englishbazar,Maldah,9.5,0.25,Bharatiya Janta Party,0.99608177989577,Bharatiya Janta Party,0.9963315809920456
125,Basirhat Uttar,North Twenty Four Parganas,37.8,0.22,All India Trinamool Congress,0.8834160033136756,All India Trinamool Congress,0.7061949217135313
108,Barrackpur,North Twenty Four Parganas,6.3,0.22,All India Trinamool Congress,0.9389444099748636,All India Trinamool Congress,0.7479935621620449
119,Barasat,North Twenty Four Parganas,10.7,0.22,All India Trinamool Congress,0.9595987730425838,All India Trinamool Congress,0.7634674798379397
101,Ashoknagar,North Twenty Four Parganas,10.9,0.22,All India Trinamool Congress,0.8605084341265826,All India Trinamool Congress,0.6888669321349492
124,Basirhat Dakshin,North Twenty Four Parganas,10.5,0.22,All India Trinamool Congress,0.9505473776971156,All India Trinamool Congress,0.7566912059876123
104,Naihati,North Twenty Four Parganas,12.2,0.22,All India Trinamool Congress,0.8504117257089869,All India Trinamool Congress,0.6812137190782187
122,Minakhan,North Twenty Four Parganas,26.8,0.22,All India Trinamool Congress,0.9906287083960088,All India Trinamool Congress,0.7866401767156933
107,Noapara,North Twenty Four Parganas,14.1,0.22,All India Trinamool Congress,0.90935227266414,All India Trinamool Congress,0.7257542485057544
115,Rajarhat New Town,North Twenty Four Parganas,24.2,0.22,All India Trinamool Congress,0.9838651870864298,All India Trinamool Congress,0.7815968751900104
117,Rajarhat  Gopalpur,North Twenty Four Parganas,14.3,0.22,All India Trinamool Congress,0.9451083157283072,All India Trinamool Congress,0.7526156186441284
113,Baranagar,North Twenty Four Parganas,22.3,0.22,All India Trinamool Congress,0.9906035082483862,All India Trinamool Congress,0.7866213937645898
105,Bhatpara,North Twenty Four Parganas,12.9,0.22,Bharatiya Janta Party,0.9766527468255072,Bharatiya Janta Party,0.9781982631642396
116,Bidhannagar,North Twenty Four Parganas,5.0,0.22,All India Trinamool Congress,0.7818885471140198,All India Trinamool Congress,0.6290174872882812
103,Bijpur,North Twenty Four Parganas,9.7,0.22,All India Trinamool Congress,0.5505806749776778,All India Trinamool Congress,0.4494586757987881
99,Baduria,North Twenty Four Parganas,26.8,0.22,All India Trinamool Congress,0.9532444041859456,All India Trinamool Congress,0.7587111156648322
109,Khardaha,North Twenty Four Parganas,15.6,0.22,All India Trinamool Congress,0.9903176496299714,All India Trinamool Congress,0.7864083246984765
118,Madhyamgram,North Twenty Four Parganas,21.2,0.22,All India Trinamool Congress,0.9909691506676404,All India Trinamool Congress,0.7868939198998883
110,Dum Dum Uttar,North Twenty Four Parganas,13.5,0.22,All India Trinamool Congress,0.8534564255121307,All India Trinamool Congress,0.6835225906812862
100,Habra,North Twenty Four Parganas,1.9,0.22,All India Trinamool Congress,0.85362131529267,All India Trinamool Congress,0.6836476056288996
120,Deganga,North Twenty Four Parganas,15.3,0.22,All India Trinamool Congress,0.9867993554555028,All India Trinamool Congress,0.7837852924993974
106,Jagatdal,North Twenty Four Parganas,10.3,0.22,All India Trinamool Congress,0.9787993975826268,All India Trinamool Congress,0.7778167377673803
112,Kamarhati,North Twenty Four Parganas,24.8,0.22,All India Trinamool Congress,0.9863049830791156,All India Trinamool Congress,0.7834166260277697
114,Dum Dum,North Twenty Four Parganas,14.6,0.22,All India Trinamool Congress,0.948959905613868,All India Trinamool Congress,0.7555019690513562
121,Haroa,North Twenty Four Parganas,36.1,0.22,All India Trinamool Congress,0.9655832799711797,All India Trinamool Congress,0.7679435660135459
126,Hingalganj,North Twenty Four Parganas,12.9,0.22,All India Trinamool Congress,0.8229176938502554,All India Trinamool Congress,0.6603244524097012
97,Gaighata,North Twenty Four Parganas,4.5,0.22,Bharatiya Janta Party,0.9983305662667012,Bharatiya Janta Party,0.998468407209978
98,Swarupnagar,North Twenty Four Parganas,16.5,0.22,All India Trinamool Congress,0.7506166337241574,All India Trinamool Congress,0.6050472110763634
94,Bagda,North Twenty Four Parganas,4.5,0.22,Bharatiya Janta Party,0.9995702806833028,Bharatiya Janta Party,0.9995843165766588
96,Bangaon Dakshin,North Twenty Four Parganas,1.0,0.22,Bharatiya Janta Party,0.9979770438717164,Bharatiya Janta Party,0.9981373896010238
95,Bangaon Uttar,North Twenty Four Parganas,5.2,0.22,Bharatiya Janta Party,0.9986738851141996,Bharatiya Janta Party,0.9987745805824804
102,Amdanga,North Twenty Four Parganas,12.2,0.22,All India Trinamool Congress,0.8713783221355813,All India Trinamool Congress,0.6970954268605756
39,Balurghat,Dakshin Dinajpur,8.9,0.1999999999999999,All India Trinamool Congress,0.7406938682848351,All India Trinamool Congress,0.6098921252745924
40,Tapan,Dakshin Dinajpur,0.9,0.1999999999999999,Bharatiya Janta Party,0.9910344580377268,Bharatiya Janta Party,0.9913409914405944
42,Harirampur,Dakshin Dinajpur,12.2,0.1999999999999999,All India Trinamool Congress,0.8563368080842767,All India Trinamool Congress,0.7004598802688469
41,Gangarampur,Dakshin Dinajpur,2.4,0.1999999999999999,Bharatiya Janta Party,0.983879663961364,Bharatiya Janta Party,0.9845323279144216
38,Kumarganj,Dakshin Dinajpur,17.3,0.1999999999999999,All India Trinamool Congress,0.6896968643990777,All India Trinamool Congress,0.5695694860673252
37,Kushmandi,Dakshin Dinajpur,6.9,0.1999999999999999,Bharatiya Janta Party,0.5034828676452174,Bharatiya Janta Party,0.5520020697494001
274,Galsi,Barddhaman,8.7,0.16,All India Trinamool Congress,0.9773941119156232,All India Trinamool Congress,0.8290320034409399
277,Durgapur Paschim,Barddhaman,7.5,0.16,Bharatiya Janta Party,0.9902031785506364,Bharatiya Janta Party,0.990778852899099
281,Asansol Uttar,Barddhaman,11.1,0.16,Bharatiya Janta Party,0.5407850984874897,Bharatiya Janta Party,0.5788604943876474
279,Jamuria,Barddhaman,4.9,0.16,All India Trinamool Congress,0.7512831655498561,All India Trinamool Congress,0.6439187169895502
262,Jamalpur,Barddhaman,8.8,0.16,All India Trinamool Congress,0.9713491564835764,All India Trinamool Congress,0.8241330458876615
264,Kalna,Barddhaman,3.6,0.16,All India Trinamool Congress,0.7212659759878356,All India Trinamool Congress,0.6190521273111613
273,Ausgram,Barddhaman,5.5,0.16,All India Trinamool Congress,0.5792477288011354,All India Trinamool Congress,0.5004573223435957
261,Raina,Barddhaman,8.0,0.16,All India Trinamool Congress,0.8982406843387852,All India Trinamool Congress,0.7646686175034635
280,Asnsol Dakshin,Barddhaman,2.3,0.16,Bharatiya Janta Party,0.9954304631204278,Bharatiya Janta Party,0.9956508712584486
269,Purbasthali Uttar,Barddhaman,3.2,0.16,All India Trinamool Congress,0.9581180396940236,All India Trinamool Congress,0.8134007887275928
260,Burdwan Dakshin,Barddhaman,4.0,0.16,All India Trinamool Congress,0.5493169743671192,Bharatiya Janta Party,0.4918350662573778
283,Barabani,Barddhaman,14.1,0.16,All India Trinamool Congress,0.9114231767893968,All India Trinamool Congress,0.7754204450509469
265,Memari,Barddhaman,10.6,0.16,All India Trinamool Congress,0.993479138575816,All India Trinamool Congress,0.8420544267426414
272,Mongalkote,Barddhaman,10.5,0.16,All India Trinamool Congress,0.9941173019892146,All India Trinamool Congress,0.8425706874369802
267,Bhatar,Barddhaman,15.1,0.16,All India Trinamool Congress,0.9957453846710422,All India Trinamool Congress,0.8438876351305019
282,Kulti,Barddhaman,0.4,0.16,Bharatiya Janta Party,0.9950897383161258,Bharatiya Janta Party,0.9953444918161284
270,Katwa,Barddhaman,4.1,0.16,All India Trinamool Congress,0.9144537844290664,All India Trinamool Congress,0.7778904088186759
271,Ketugram,Barddhaman,6.0,0.16,All India Trinamool Congress,0.9822301883540688,All India Trinamool Congress,0.8329493055031914
259,Khandaghosh,Barddhaman,9.7,0.16,All India Trinamool Congress,0.9450872637967248,All India Trinamool Congress,0.8028182898875347
276,Durgapur Purba,Barddhaman,2.0,0.16,Bharatiya Janta Party,0.9660811293840308,Bharatiya Janta Party,0.96813204901324
263,Monteswar,Barddhaman,15.3,0.16,All India Trinamool Congress,0.995844444784584,All India Trinamool Congress,0.8439677580061022
275,Pandabeswar,Barddhaman,2.4,0.16,All India Trinamool Congress,0.6810565732739762,All India Trinamool Congress,0.5856334602218536
268,Purbasthali Dakshin,Barddhaman,8.1,0.16,All India Trinamool Congress,0.9933069540156154,All India Trinamool Congress,0.8419151279063317
266,Burdwan Uttar,Barddhaman,7.2,0.16,All India Trinamool Congress,0.8551062791234857,All India Trinamool Congress,0.7293962334984453
278,Raniganj,Barddhaman,2.0,0.16,Bharatiya Janta Party,0.9817753180258902,Bharatiya Janta Party,0.9827690453206868
148,Bhangar,South  Twenty Four Parganas,10.9,0.16,OTHER,0.8014138134922834,OTHER,0.8017926160506309
155,Maheshtala,South  Twenty Four Parganas,26.6,0.16,All India Trinamool Congress,0.9937596100180032,All India Trinamool Congress,0.8422813259212838
133,Kulpi,South  Twenty Four Parganas,17.7,0.16,All India Trinamool Congress,0.9877730598874148,All India Trinamool Congress,0.8374369877777772
128,Basanti,South  Twenty Four Parganas,23.9,0.16,All India Trinamool Congress,0.9912138708769114,All India Trinamool Congress,0.8402216293259603
146,Bishnupur (SC),South  Twenty Four Parganas,25.0,0.16,All India Trinamool Congress,0.97860446069025,All India Trinamool Congress,0.8300125689763393
153,Behala Purba,South  Twenty Four Parganas,17.1,0.16,All India Trinamool Congress,0.9528182218450316,All India Trinamool Congress,0.809098250303105
137,Baruipur Purba,South  Twenty Four Parganas,22.2,0.16,All India Trinamool Congress,0.9542969985942722,All India Trinamool Congress,0.8102989726295811
135,Mandirbazar,South  Twenty Four Parganas,11.9,0.16,All India Trinamool Congress,0.969476811916817,All India Trinamool Congress,0.822615107913895
156,Budge Budge,South  Twenty Four Parganas,20.9,0.16,All India Trinamool Congress,0.9974430695973332,All India Trinamool Congress,0.8452606745160695
142,Magrahat Paschim,South  Twenty Four Parganas,24.4,0.16,All India Trinamool Congress,0.993253855870292,All India Trinamool Congress,0.8418721705924587
157,Metiaburuz,South  Twenty Four Parganas,61.8,0.16,All India Trinamool Congress,0.9881774918382752,All India Trinamool Congress,0.8377643393013932
129,Kultali,South  Twenty Four Parganas,20.8,0.16,All India Trinamool Congress,0.9437171700431392,All India Trinamool Congress,0.8017048793219791
141,Magrahat Purba,South  Twenty Four Parganas,26.4,0.16,All India Trinamool Congress,0.98717626571436,All India Trinamool Congress,0.8369539140604076
144,Falta,South  Twenty Four Parganas,19.7,0.16,All India Trinamool Congress,0.995274066352767,All India Trinamool Congress,0.8435064083744971
139,Canning Purba,South  Twenty Four Parganas,23.0,0.16,All India Trinamool Congress,0.8359355199632045,All India Trinamool Congress,0.7136746156050683
149,Kasba,South  Twenty Four Parganas,28.8,0.16,All India Trinamool Congress,0.9695927723567872,All India Trinamool Congress,0.8227091263644308
131,Kakdwip,South  Twenty Four Parganas,11.6,0.16,All India Trinamool Congress,0.5889003283749503,All India Trinamool Congress,0.5085676987274447
127,Gosaba,South  Twenty Four Parganas,12.2,0.16,All India Trinamool Congress,0.9694829415864707,All India Trinamool Congress,0.8226200777548716
143,Diamond Harbour,South  Twenty Four Parganas,7.6,0.16,All India Trinamool Congress,0.872672410496461,All India Trinamool Congress,0.7437775417881196
151,Sonarpur Uttar,South  Twenty Four Parganas,15.1,0.16,All India Trinamool Congress,0.9626219648532112,All India Trinamool Congress,0.8170555548563684
147,Sonarpur Dakshin,South  Twenty Four Parganas,11.4,0.16,All India Trinamool Congress,0.949650830566334,All India Trinamool Congress,0.8065258751182969
132,Sagar,South  Twenty Four Parganas,12.5,0.16,All India Trinamool Congress,0.8542497828417295,All India Trinamool Congress,0.7286944284162913
140,Baruipur Paschim,South  Twenty Four Parganas,29.5,0.16,All India Trinamool Congress,0.9945379577713426,All India Trinamool Congress,0.8429109725540578
145,Satgachhia,South  Twenty Four Parganas,10.0,0.16,All India Trinamool Congress,0.9023069995787332,All India Trinamool Congress,0.7679865528015083
134,Raidighi,South  Twenty Four Parganas,15.0,0.16,All India Trinamool Congress,0.883369397354766,All India Trinamool Congress,0.7525237165939399
130,Patharpratima,South  Twenty Four Parganas,9.6,0.16,All India Trinamool Congress,0.8913468628424775,All India Trinamool Congress,0.759040722978677
154,Behala Paschim,South  Twenty Four Parganas,22.2,0.16,All India Trinamool Congress,0.9767149005730852,All India Trinamool Congress,0.8284816918704118
138,Canning Paschim,South  Twenty Four Parganas,16.4,0.16,All India Trinamool Congress,0.9656252094275352,All India Trinamool Congress,0.8194917357802771
152,Tollyganj,South  Twenty Four Parganas,25.7,0.16,All India Trinamool Congress,0.941292244792876,All India Trinamool Congress,0.7997339135034962
136,Jaynagar,South  Twenty Four Parganas,19.2,0.16,All India Trinamool Congress,0.9819758640179396,All India Trinamool Congress,0.832743341842599
150,Jadavpur,South  Twenty Four Parganas,18.3,0.16,All India Trinamool Congress,0.9756588579956468,All India Trinamool Congress,0.8276259954871196
202,Khanakul,Hugli,6.0,0.14,Bharatiya Janta Party,0.9952173997521,Bharatiya Janta Party,0.995448382044043
195,Jangipara,Hugli,8.6,0.14,All India Trinamool Congress,0.9641842463649902,All India Trinamool Congress,0.8358459897227443
158,Kolkata Port,Kolkata,45.4,0.14,All India Trinamool Congress,0.993117761138458,All India Trinamool Congress,0.8599239779655397
194,Chanditala,Hugli,20.2,0.14,All India Trinamool Congress,0.9882644725498796,All India Trinamool Congress,0.855889074134731
196,Haripal,Hugli,10.6,0.14,All India Trinamool Congress,0.868443412552978,All India Trinamool Congress,0.7557695485183908
201,Goghat,Hugli,1.9,0.14,Bharatiya Janta Party,0.9971050601098924,Bharatiya Janta Party,0.9972510376314716
165,Jorasanko,Kolkata,13.0,0.14,All India Trinamool Congress,0.6699586475198782,All India Trinamool Congress,0.5877640407862396
197,Dhanekhali,Hugli,13.0,0.14,All India Trinamool Congress,0.7308840343047897,All India Trinamool Congress,0.6396228146095612
190,Chunchura,Hugli,7.4,0.14,Bharatiya Janta Party,0.611059794076123,Bharatiya Janta Party,0.6361959391321452
192,Pandua,Hugli,14.4,0.14,All India Trinamool Congress,0.967537370104936,All India Trinamool Congress,0.838639284238041
187,Champdani,Hugli,15.2,0.14,All India Trinamool Congress,0.9266337479601684,All India Trinamool Congress,0.8045131029996165
168,Kashipur-Belgachhia,Kolkata,26.6,0.14,All India Trinamool Congress,0.9918870639393804,All India Trinamool Congress,0.8589009562687401
186,Sreerampur,Hugli,12.6,0.14,All India Trinamool Congress,0.8244122070998654,All India Trinamool Congress,0.7187334406740893
160,Rashbehari,Kolkata,17.4,0.14,All India Trinamool Congress,0.954573660209624,All India Trinamool Congress,0.827835772140372
166,Shyampukur,Kolkata,22.1,0.14,All India Trinamool Congress,0.9834829287649344,All India Trinamool Congress,0.8519122723271296
200,Arambag,Hugli,3.3,0.14,Bharatiya Janta Party,0.9938705803418804,Bharatiya Janta Party,0.9942011094572089
199,Pursurah,Hugli,12.8,0.14,Bharatiya Janta Party,0.988099046586391,Bharatiya Janta Party,0.988700994143984
193,Saptagram,Hugli,5.2,0.14,All India Trinamool Congress,0.8320259451165105,All India Trinamool Congress,0.7251470729875531
188,Singur,Hugli,12.5,0.14,All India Trinamool Congress,0.989673399462042,All India Trinamool Congress,0.85706058373391
185,Uttarpara,Hugli,18.3,0.14,All India Trinamool Congress,0.974640349156236,All India Trinamool Congress,0.8445538711834814
159,Bhabanipur,Kolkata,22.8,0.14,All India Trinamool Congress,0.98721247958828,All India Trinamool Congress,0.8550142649788763
167,Maniktola,Kolkata,15.4,0.14,All India Trinamool Congress,0.9587594911605116,All India Trinamool Congress,0.8313253366433238
189,Chandannagar,Hugli,17.3,0.14,All India Trinamool Congress,0.9823043968569904,All India Trinamool Congress,0.850931853709381
162,Chowrangee,Kolkata,41.1,0.14,All India Trinamool Congress,0.9853059999724018,All India Trinamool Congress,0.8534286984553646
198,Tarakeswar,Hugli,3.7,0.14,All India Trinamool Congress,0.9454079416368508,All India Trinamool Congress,0.8201905477418339
163,Entally,Kolkata,37.4,0.14,All India Trinamool Congress,0.993447417168264,All India Trinamool Congress,0.8601979885468168
191,Balagarh,Hugli,2.7,0.14,Bharatiya Janta Party,0.5287878745945606,Bharatiya Janta Party,0.5632060423997881
161,Ballygunge,Kolkata,50.4,0.14,All India Trinamool Congress,0.9910311818148084,All India Trinamool Congress,0.8581894411609777
164,Beleghata,Kolkata,42.8,0.14,All India Trinamool Congress,0.9895737265180756,All India Trinamool Congress,0.8569777109851971
224,Kharagpur Sadar,Paschim Medinipur,2.2,0.1,Bharatiya Janta Party,0.9912376206989402,Bharatiya Janta Party,0.9914635765527304
83,Krishnanagar Uttar,Nadia,17.5,0.1,Bharatiya Janta Party,0.9844416084563798,Bharatiya Janta Party,0.9850483518974386
215,Khejuri,Purba Medinipur,8.5,0.1,Bharatiya Janta Party,0.990257048294932,Bharatiya Janta Party,0.9905472753781108
88,Krishnaganj,Nadia,9.3,0.1,Bharatiya Janta Party,0.997758774439475,Bharatiya Janta Party,0.9978221380051516
80,Kaliganj,Nadia,22.7,0.1,All India Trinamool Congress,0.9594987265204286,All India Trinamool Congress,0.86736669838811
11,Kalchini,Jalpaiguri,14.8,0.1,Bharatiya Janta Party,0.9984066735071976,Bharatiya Janta Party,0.9984411499617762
241,Joypur,Puruliya,6.1,0.1,Bharatiya Janta Party,0.9956204827815154,Bharatiya Janta Party,0.995781462754461
216,Kanthi Dakshin,Purba Medinipur,5.3,0.1,Bharatiya Janta Party,0.9892950459721812,Bharatiya Janta Party,0.9896890995205796
228,Kharagpur,Paschim Medinipur,18.3,0.1,All India Trinamool Congress,0.9815168603576544,All India Trinamool Congress,0.8867013115121072
22,Kalimpong,Darjiling,2.5,0.1,OTHER,0.690703257972146,OTHER,0.6909093059996374
183,Jagatballavpur,Haora,12.5,0.1,All India Trinamool Congress,0.9678768499991416,All India Trinamool Congress,0.8747266405356425
170,Howrah Uttar,Haora,3.7,0.1,All India Trinamool Congress,0.8725846128513518,All India Trinamool Congress,0.7908024290109444
244,Kashipur,Puruliya,3.8,0.1,Bharatiya Janta Party,0.9964749959318744,Bharatiya Janta Party,0.99658753724704
77,Karimpur,Nadia,10.7,0.1,All India Trinamool Congress,0.5945451449103485,All India Trinamool Congress,0.5432376063254192
213,Kanthi Uttar,Purba Medinipur,4.1,0.1,Bharatiya Janta Party,0.983422991375125,Bharatiya Janta Party,0.9838030691457512
221,Gopiballavpur,Paschim Medinipur,12.1,0.1,All India Trinamool Congress,0.8592578116801942,All India Trinamool Congress,0.779028183301944
257,Indus,Bankura,3.4,0.1,Bharatiya Janta Party,0.997936244427798,Bharatiya Janta Party,0.9980078437205886
222,Jhargram,Paschim Medinipur,19.3,0.1,All India Trinamool Congress,0.9813545248461416,All India Trinamool Congress,0.8865588518818132
17,Jalpaiguri,Jalpaiguri,0.4,0.1,Bharatiya Janta Party,0.7087556104418258,Bharatiya Janta Party,0.721861878523873
233,Garbeta,Paschim Medinipur,5.2,0.1,All India Trinamool Congress,0.856700349265101,All India Trinamool Congress,0.7767676122745415
91,Chakdaha,Nadia,5.5,0.1,Bharatiya Janta Party,0.9922890720801388,Bharatiya Janta Party,0.99256770310243
93,Haringhata,Nadia,7.3,0.1,Bharatiya Janta Party,0.9973382926977628,Bharatiya Janta Party,0.9974338724000816
292,Hansan,Birbhum,24.3,0.1,All India Trinamool Congress,0.997191002537432,All India Trinamool Congress,0.9004500128289785
184,Domjur,Haora,17.1,0.1,All India Trinamool Congress,0.9241300425634252,All India Trinamool Congress,0.8362566429720736
92,Kalyani,Nadia,1.0,0.1,Bharatiya Janta Party,0.9995672849790006,Bharatiya Janta Party,0.9995807912809596
209,Haldia,Purba Medinipur,6.8,0.1,Bharatiya Janta Party,0.8852420871499449,Bharatiya Janta Party,0.8900922452870391
7,Dinhata,Koch Bihar,0.0,0.1,Bharatiya Janta Party,0.9974906396150136,Bharatiya Janta Party,0.9975109064656624
15,Dhupguri,Jalpaiguri,1.9,0.1,Bharatiya Janta Party,0.992606561872771,Bharatiya Janta Party,0.9926390185195204
229,Debra,Paschim Medinipur,5.5,0.1,All India Trinamool Congress,0.6618724863137111,All India Trinamool Congress,0.6035570775649469
230,Daspur,Paschim Medinipur,12.1,0.1,Bharatiya Janta Party,0.7377950986764314,Bharatiya Janta Party,0.749667744042538
23,Darjeeling,Darjiling,12.8,0.1,Bharatiya Janta Party,0.9979568996526192,Bharatiya Janta Party,0.9979695798059618
3,Coochbehar Uttar,Koch Bihar,6.0,0.1,Bharatiya Janta Party,0.9982586373883516,Bharatiya Janta Party,0.9982862667089044
231,Ghatal,Paschim Medinipur,0.4,0.1,Bharatiya Janta Party,0.9963754040727149,Bharatiya Janta Party,0.9964886320470412
173,Howrah Dakshin,Haora,23.6,0.1,All India Trinamool Congress,0.983245454592478,All India Trinamool Congress,0.8882181781795606
171,Howrah Madhya,Haora,24.2,0.1,All India Trinamool Congress,0.9718199420264472,All India Trinamool Congress,0.8781892901338132
13,Falakata,Jalpaiguri,1.8,0.1,Bharatiya Janta Party,0.9976118020818976,Bharatiya Janta Party,0.9976674841480824
218,Egra,Purba Medinipur,7.7,0.1,All India Trinamool Congress,0.8288939020335374,All India Trinamool Congress,0.752167321703131
174,Sankrail,Haora,18.4,0.1,All India Trinamool Congress,0.9892227477539056,All India Trinamool Congress,0.8934621625476464
177,Uluberia Uttar,Haora,11.4,0.1,All India Trinamool Congress,0.989685951761152,All India Trinamool Congress,0.8938684633120048
9,Tufanganj,Koch Bihar,15.0,0.1,Bharatiya Janta Party,0.9955292772958528,Bharatiya Janta Party,0.9956568434298732
182,Udaynarayanpur,Haora,7.1,0.1,All India Trinamool Congress,0.9916507116321563,All India Trinamool Congress,0.8955917363377687
178,Uluberia Dakshin,Haora,14.2,0.1,All India Trinamool Congress,0.96484838612825,All India Trinamool Congress,0.8720666364947258
78,Tehatta,Nadia,3.2,0.1,All India Trinamool Congress,0.6103511541909579,All India Trinamool Congress,0.5574199167115728
203,Tamluk,Purba Medinipur,0.3,0.1,All India Trinamool Congress,0.754809558962104,All India Trinamool Congress,0.6864291904008025
12,Alipurduars,Jalpaiguri,7.3,0.1,Bharatiya Janta Party,0.9966654177840254,Bharatiya Janta Party,0.9967326348813986
181,Amta,Haora,12.6,0.1,All India Trinamool Congress,0.8863311507870955,All India Trinamool Congress,0.8029379039397149
238,Bandwan,Puruliya,7.9,0.1,All India Trinamool Congress,0.8128503431762433,All India Trinamool Congress,0.7379554001461788
240,Baghmundi,Puruliya,6.9,0.1,All India Trinamool Congress,0.7654302091409361,All India Trinamool Congress,0.6958708767786376
180,Bagnan,Haora,15.2,0.1,All India Trinamool Congress,0.9924954222064511,All India Trinamool Congress,0.8963325636656189
239,Balarampur,Puruliya,0.2,0.1,Bharatiya Janta Party,0.9947071202791652,Bharatiya Janta Party,0.9948971684344196
169,Bally,Haora,5.0,0.1,All India Trinamool Congress,0.9015556309929056,All India Trinamool Congress,0.8163667359897951
176,Uluberia Purba,Haora,9.0,0.1,All India Trinamool Congress,0.9941969631366512,All India Trinamool Congress,0.8978247369111063
86,Santipur,Nadia,7.3,0.1,Bharatiya Janta Party,0.9942591483002784,Bharatiya Janta Party,0.9944640923442716
219,Dantan,Paschim Medinipur,0.3,0.1,Bharatiya Janta Party,0.5238044689787619,Bharatiya Janta Party,0.5490713828989899
19,Dabgram-Fulbari,Jalpaiguri,10.8,0.1,Bharatiya Janta Party,0.9961657442579264,Bharatiya Janta Party,0.9961943745371306
251,Taldangra,Bankura,6.2,0.1,All India Trinamool Congress,0.7889841614574041,All India Trinamool Congress,0.7167892101383052
284,Dubrajpur,Birbhum,1.9,0.1,Bharatiya Janta Party,0.9915260608001994,Bharatiya Janta Party,0.9918530685223316
85,Krishnanagar Dakshin,Nadia,4.8,0.1,All India Trinamool Congress,0.5550105651506229,All India Trinamool Congress,0.5077063538781844
10,Kumargram,Jalpaiguri,4.8,0.1,Bharatiya Janta Party,0.996487873201669,Bharatiya Janta Party,0.9965640393861012
223,Keshiary,Paschim Medinipur,7.3,0.1,All India Trinamool Congress,0.8682967287214026,All India Trinamool Congress,0.7870150791504813
235,Keshpur,Paschim Medinipur,9.1,0.1,All India Trinamool Congress,0.6310780749039723,All India Trinamool Congress,0.5759976254815498
82,Chapra,Nadia,5.7,0.1,All India Trinamool Congress,0.7114494456036188,All India Trinamool Congress,0.6478212229145803
248,Chhatna,Bankura,3.7,0.1,Bharatiya Janta Party,0.9987997241176444,Bharatiya Janta Party,0.998836182600499
214,Bhagabanpur,Purba Medinipur,12.4,0.1,Bharatiya Janta Party,0.7609305267186097,Bharatiya Janta Party,0.7717483769025552
237,Binpur,Paschim Medinipur,21.3,0.1,All India Trinamool Congress,0.9846360195040638,All India Trinamool Congress,0.8894383082751453
286,Bolpur,Birbhum,9.8,0.1,All India Trinamool Congress,0.9443409087156204,All India Trinamool Congress,0.8540418455308346
255,Bishnupur,Bankura,6.1,0.1,Bharatiya Janta Party,0.995246343349573,Bharatiya Janta Party,0.9954074884864887
84,Nabadwip,Nadia,8.9,0.1,All India Trinamool Congress,0.5846363701136646,All India Trinamool Congress,0.5343399865022503
294,Murarai,Birbhum,45.4,0.1,All India Trinamool Congress,0.9896621922172816,All India Trinamool Congress,0.8938476228246857
206,Moyna,Purba Medinipur,0.6,0.1,Bharatiya Janta Party,0.989743272983532,Bharatiya Janta Party,0.9900613549381142
252,Bankura,Bankura,0.7,0.1,Bharatiya Janta Party,0.9971194021973658,Bharatiya Janta Party,0.997217600071612
81,Nakashipara,Nadia,10.2,0.1,All India Trinamool Congress,0.9009940407173598,All India Trinamool Congress,0.8158715945273531
21,Nagrakata,Jalpaiguri,12.6,0.1,Bharatiya Janta Party,0.9976075035996412,Bharatiya Janta Party,0.9976526737677768
293,Nalhati,Birbhum,27.7,0.1,All India Trinamool Congress,0.9939470312601716,All India Trinamool Congress,0.8976055674030733
243,Manbazar,Puruliya,7.3,0.1,All India Trinamool Congress,0.803914525891005,All India Trinamool Congress,0.7300339618879698
20,Mal,Jalpaiguri,2.6,0.1,Bharatiya Janta Party,0.9448366985070946,Bharatiya Janta Party,0.946794541196408
287,Nanoor,Birbhum,2.9,0.1,Bharatiya Janta Party,0.7696751372153428,Bharatiya Janta Party,0.780006864298383
210,Nandigram,Purba Medinipur,0.9,0.1,Bharatiya Janta Party,0.7631846193018209,Bharatiya Janta Party,0.7730687001766253
207,Nandakumar,Purba Medinipur,2.4,0.1,All India Trinamool Congress,0.5393210982608491,All India Trinamool Congress,0.4935826355106076
1,Mekliganj,Koch Bihar,7.5,0.1,Bharatiya Janta Party,0.5874027763386231,Bharatiya Janta Party,0.6067809391943653
236,Medinipur,Paschim Medinipur,10.4,0.1,All India Trinamool Congress,0.9653066674015804,All India Trinamool Congress,0.8724691908719356
290,Mayureswar,Birbhum,6.1,0.1,All India Trinamool Congress,0.91147875613207,All India Trinamool Congress,0.8251130526362679
2,Mathabhanga,Koch Bihar,12.3,0.1,Bharatiya Janta Party,0.9957165607403016,Bharatiya Janta Party,0.9958694410321792
25,Matigara-Naxalbari,Darjiling,29.9,0.1,Bharatiya Janta Party,0.993767036167807,Bharatiya Janta Party,0.9939167976157304
16,Maynaguri,Jalpaiguri,5.1,0.1,Bharatiya Janta Party,0.9906742125446288,Bharatiya Janta Party,0.9906874340526588
4,Cooch Behar Dakshin,Koch Bihar,2.5,0.1,Bharatiya Janta Party,0.8713186026846308,Bharatiya Janta Party,0.8750205418942536
232,Chandrakona,Paschim Medinipur,4.6,0.1,Bharatiya Janta Party,0.8588796833459347,Bharatiya Janta Party,0.8646081951845378
211,Chandipur,Purba Medinipur,6.1,0.1,All India Trinamool Congress,0.7013959380275223,All India Trinamool Congress,0.6388555027276057
14,Madarihat,Jalpaiguri,18.1,0.1,Bharatiya Janta Party,0.9819126018428268,Bharatiya Janta Party,0.9821594793147216
256,Katulpur,Bankura,5.3,0.1,Bharatiya Janta Party,0.9980716780122814,Bharatiya Janta Party,0.9981041495918834
208,Mahishadal,Purba Medinipur,1.1,0.1,All India Trinamool Congress,0.693390693221748,All India Trinamool Congress,0.6317126348425139
288,Labhpur,Birbhum,8.6,0.1,All India Trinamool Congress,0.9514896199994072,All India Trinamool Congress,0.8603275641857844
24,Kurseong,Darjiling,9.0,0.1,Bharatiya Janta Party,0.9925416782834612,Bharatiya Janta Party,0.9925745916472246
212,Patashpur,Purba Medinipur,4.8,0.1,All India Trinamool Congress,0.6202555176995754,All India Trinamool Congress,0.5663001084523618
245,Para,Puruliya,2.1,0.1,Bharatiya Janta Party,0.9998587641932098,Bharatiya Janta Party,0.999861613753367
253,Barjora,Bankura,1.5,0.1,All India Trinamool Congress,0.5763775485945614,All India Trinamool Congress,0.5269199748899646
18,Rajganj,Jalpaiguri,7.4,0.1,Bharatiya Janta Party,0.9883907079432164,Bharatiya Janta Party,0.9887730758510797
246,Raghunathpur,Puruliya,2.6,0.1,Bharatiya Janta Party,0.9944454101066124,Bharatiya Janta Party,0.9946470252009908
217,Ramnagar,Purba Medinipur,5.7,0.1,All India Trinamool Congress,0.7606613578005201,All India Trinamool Congress,0.6916321277526402
250,Raipur,Bankura,10.1,0.1,All India Trinamool Congress,0.8238291908692542,All India Trinamool Congress,0.7476822730474476
242,Purulia,Puruliya,3.4,0.1,Bharatiya Janta Party,0.9914270758504984,Bharatiya Janta Party,0.9917408646624924
204,Panskura Purba,Purba Medinipur,4.9,0.1,All India Trinamool Congress,0.7733099136622218,All India Trinamool Congress,0.7028720812518134
27,Phansidewa,Darjiling,13.5,0.1,Bharatiya Janta Party,0.9972402941120732,Bharatiya Janta Party,0.9973138194470836
205,Panskura Paschim,Purba Medinipur,3.8,0.1,All India Trinamool Congress,0.5229940890875449,Bharatiya Janta Party,0.4868616386415255
175,Panchla,Haora,15.3,0.1,All India Trinamool Congress,0.9850401547591212,All India Trinamool Congress,0.8897928920823712
79,Palashipara,Nadia,25.4,0.1,All India Trinamool Congress,0.9177527323438512,All India Trinamool Congress,0.8306403670851568
254,Onda,Bankura,5.2,0.1,Bharatiya Janta Party,0.9899180625966671,Bharatiya Janta Party,0.9902568522683236
220,Nayagram,Paschim Medinipur,12.0,0.1,All India Trinamool Congress,0.9429220769746274,All India Trinamool Congress,0.8527939833656066
8,Natabari,Koch Bihar,10.9,0.1,Bharatiya Janta Party,0.9932374558881754,Bharatiya Janta Party,0.9934110700949108
225,Narayangarh,Paschim Medinipur,1.1,0.1,All India Trinamool Congress,0.7921545097975764,All India Trinamool Congress,0.7196026007483988
291,Rampurhat,Birbhum,4.0,0.1,All India Trinamool Congress,0.830380463301335,All India Trinamool Congress,0.7534834917413782
90,Ranaghat Dakshin,Nadia,6.9,0.1,Bharatiya Janta Party,0.9981365067754308,Bharatiya Janta Party,0.9981800258775526
87,Ranaghat Uttar Paschim,Nadia,10.5,0.1,Bharatiya Janta Party,0.9944566474255584,Bharatiya Janta Party,0.9946161340609307
89,Ranaghat Uttar Purba,Nadia,15.0,0.1,Bharatiya Janta Party,0.990426608780426,Bharatiya Janta Party,0.9907752774011636
249,Ranibandh,Bankura,1.9,0.1,Bharatiya Janta Party,0.516143473442134,Bharatiya Janta Party,0.5418679132053379
226,Sabang,Paschim Medinipur,4.2,0.1,All India Trinamool Congress,0.8270877964400002,All India Trinamool Congress,0.7505680797153023
247,Saltora,Bankura,2.1,0.1,Bharatiya Janta Party,0.9941448227335332,Bharatiya Janta Party,0.9943623305252816
234,Salboni,Paschim Medinipur,13.2,0.1,Bharatiya Janta Party,0.7732199823784365,Bharatiya Janta Party,0.7799202387696286
289,Sainthia,Birbhum,6.9,0.1,All India Trinamool Congress,0.6804190793928164,All India Trinamool Congress,0.6201312694122342
227,Pingla,Paschim Medinipur,2.9,0.1,All India Trinamool Congress,0.6642091389853003,All India Trinamool Congress,0.6056462264973836
6,Sitai,Koch Bihar,4.3,0.1,Bharatiya Janta Party,0.9955723188238328,Bharatiya Janta Party,0.9956479448774196
5,Sitalkuchi,Koch Bihar,7.3,0.1,Bharatiya Janta Party,0.9977320700920784,Bharatiya Janta Party,0.9977761769375976
258,Sonamukhi,Bankura,5.3,0.1,Bharatiya Janta Party,0.9958107967058036,Bharatiya Janta Party,0.9959634477540678
26,Siliguri,Darjiling,20.2,0.1,Bharatiya Janta Party,0.7913331714872354,Bharatiya Janta Party,0.7986916247966175
179,Shyampur,Haora,14.3,0.1,All India Trinamool Congress,0.8668775270204846,All India Trinamool Congress,0.785761334845671
172,Shibpur,Haora,18.1,0.1,All India Trinamool Congress,0.991446112979925,All India Trinamool Congress,0.895412293921639
285,Suri,Birbhum,3.4,0.1,All India Trinamool Congress,0.7298176944014918,All India Trinamool Congress,0.6641883631970836
